n_samples,n_features,n_classes,frac_categorical,col_min_mean,col_max_mean,col_max_std,col_std_mean,col_skew_mean,col_skew_std,col_kurt_mean,tree_node_count,tree_depth_max,tree_leaf_depth_mean,elapsed_sec
3196.0,36.0,2.0,0.0,,,,,,,,23.0,5.0,4.333333333333333,2.924
20000.0,16.0,26.0,0.0,0.0,15.0,0.0,2.2737143004571942,0.2902970341018098,0.4552305332806456,0.6977379005298197,57.0,5.0,4.896551724137931,1.216
226.0,69.0,24.0,0.0,,,,,,,,33.0,5.0,4.294117647058823,0.048
205.0,25.0,6.0,0.0,753.7606666666667,3835.414,11257.364133139872,605.477606229712,0.7995814630212842,0.8340229406593394,1.3593185995836712,33.0,5.0,4.294117647058823,0.028
625.0,4.0,3.0,0.0,1.0,5.0,0.0,1.4142135623730951,0.0,0.0,-1.300798439249973,59.0,5.0,4.933333333333334,0.226
286.0,9.0,2.0,0.0,,,,,,,,33.0,5.0,4.411764705882353,0.292
2000.0,76.0,10.0,0.0,0.0031921567105263,0.3819513794736842,0.1489748394535593,0.0670911725813188,0.5447006835842778,0.2475411569555456,0.1190062808232672,41.0,5.0,4.619047619047619,1.534
699.0,9.0,2.0,0.0,1.0,10.0,0.0,2.749105183218069,1.47748866673108,0.7973552467075149,1.6841150960407207,25.0,5.0,4.076923076923077,0.186
2000.0,64.0,10.0,0.0,-6.7565145228125,6.893724891875,3.8730210771931146,2.1521245957079667,-0.0042856626077367,0.1634135386696266,-0.0456548457524952,59.0,5.0,4.933333333333334,1.138
2000.0,6.0,10.0,0.0,256.69782190666666,2969.839272355,6530.9021780056855,630.7493360226143,0.5315671843447335,0.3349249949781063,-0.5362369226243187,35.0,5.0,4.5,0.343
2000.0,47.0,10.0,0.0,13.034599618723403,221.2252379051064,205.23963918237044,40.11542030429077,0.790830076474756,0.482446117171015,0.7353956813037774,37.0,5.0,4.526315789473684,1.1
1473.0,9.0,3.0,0.0,8.0,32.5,16.5,5.291099865618952,0.677731575793992,0.4212823703120932,0.2928560302339109,37.0,5.0,4.631578947368421,0.492
8124.0,21.0,2.0,0.0,,,,,,,,23.0,5.0,3.8333333333333335,1.195
12960.0,8.0,5.0,0.0,,,,,,,,31.0,5.0,4.6875,0.042
5620.0,62.0,10.0,0.0,0.0,13.82258064516129,4.426912539297916,3.804866568645374,5.451185659375663,11.21544662795505,168.55386930106587,57.0,5.0,4.896551724137931,2.002
690.0,15.0,2.0,0.0,2.2916666666666665,17033.958333333332,37110.37165515431,900.8552076339372,4.423867143578729,4.105103183912149,49.93170391116674,45.0,5.0,4.652173913043479,0.399
5473.0,10.0,5.0,0.0,2.5121,23320.6,43069.67117171896,840.1568540864666,14.711451967520436,18.890428594735848,652.8296690123777,47.0,5.0,4.75,0.664
1000.0,20.0,2.0,0.0,39.57142857142857,2655.0,6437.73986515676,406.844044112389,0.9203791257169,0.9049518896502818,0.9242775257980996,57.0,5.0,4.896551724137931,0.539
10992.0,16.0,10.0,0.0,0.0,100.0,0.0,29.772883847075978,-0.0391960821203113,0.654841646035446,-0.5010429355334174,59.0,5.0,4.933333333333334,0.889
366.0,34.0,6.0,0.0,0.0,75.0,0.0,15.303139354151124,0.0733521062607816,0.0,-0.7079092289207862,17.0,5.0,3.7777777777777777,0.657
2310.0,18.0,7.0,0.0,-4.835787778660811,211.27250138888888,360.9408920443695,26.715303096441545,3.320958854659288,4.715675123770408,38.51719076973939,15.0,5.0,3.875,0.597
768.0,8.0,2.0,0.0,2.63475,179.19,258.4781948250181,25.716983779290736,0.5292461289375234,1.2410904298246983,2.7753623954423947,53.0,5.0,4.814814814814815,0.191
336.0,7.0,8.0,0.0,0.1671428571428571,0.965714285714286,0.0512297745058317,0.143514655319534,3.605501049268437,6.288104422440306,51.976030830189856,39.0,5.0,4.45,0.083
208.0,60.0,2.0,0.0,0.0189433333333333,0.6558233333333333,0.3737557724712163,0.1418954972018107,0.9672196487827536,0.9452395014028108,2.2767766937181766,29.0,5.0,4.066666666666666,0.262
214.0,9.0,6.0,0.0,9.75235,14.26377,22.368783133169213,0.6879278145483789,1.6525943876045246,2.1811811063238995,9.908544271023604,29.0,5.0,4.4,0.015
683.0,35.0,19.0,0.0,,,,,,,,23.0,5.0,4.0,0.749
4601.0,57.0,2.0,0.0,0.0526315789473684,483.9420701754385,2437.2657340899696,15.192346442279264,11.186639096028683,6.897289088738801,241.17001865177343,39.0,5.0,4.55,1.252
3190.0,60.0,3.0,0.0,,,,,,,,55.0,5.0,4.857142857142857,2.253
303.0,13.0,2.0,0.0,53.333333333333336,175.36666666666667,191.64012859755888,17.21409119754212,0.5952455447960666,0.7113197986643021,1.108897571045537,47.0,5.0,4.708333333333333,0.02
958.0,9.0,2.0,0.0,,,,,,,,43.0,5.0,4.636363636363637,0.314
270.0,13.0,2.0,0.0,25.0,82.4,156.07950636676267,8.42357412767969,0.4269630907277235,0.8391340923597838,0.1151451109713425,43.0,5.0,4.590909090909091,0.169
846.0,18.0,4.0,0.0,78.38888888888889,198.88888888888889,221.001228978204,22.757377250037585,1.0415777283622751,1.6518521241768302,5.15314051651476,49.0,5.0,4.76,0.385
435.0,16.0,2.0,0.0,,,,,,,,31.0,5.0,4.1875,0.386
351.0,33.0,2.0,0.0,-0.9696969696969696,1.0,0.0,0.5251381269031516,-0.5844736447200432,0.6388571239165386,0.3611275170064938,23.0,5.0,4.0,0.281
5000.0,40.0,3.0,0.0,-3.18525,5.160500000000001,1.9233316796642224,1.2709884790296415,0.0354682736242672,0.1180545988457065,-0.1964174932196971,63.0,5.0,5.0,1.414
39366.0,9.0,2.0,0.0,,,,,,,,63.0,5.0,5.0,0.808
45312.0,8.0,2.0,0.0,0.0,1.0,0.0,0.160416710202546,12.618112702577076,27.150279873383766,1029.170540784117,63.0,5.0,5.0,0.697
339.0,17.0,21.0,0.0,,,,,,,,35.0,5.0,4.388888888888889,0.019
48842.0,14.0,2.0,0.0,6143.0,745208.0,745192.0,52802.75764301932,0.5611835109305496,0.8777083675912916,3.341796742626315,55.0,5.0,4.857142857142857,1.459
1484.0,8.0,10.0,0.0,0.11875,0.945,0.098488578017961,0.0966314601139886,2.912827303657759,4.36840422339996,28.66087842590639,53.0,5.0,4.851851851851852,0.315
6430.0,36.0,6.0,0.0,-2.595993833333333,2.8229496111111114,0.6423625804513574,0.9999442301546048,0.0404602338510036,0.5578673519550533,-0.154116880478726,63.0,5.0,5.0,1.337
4177.0,8.0,28.0,0.0,0.0192857142857142,1.2390714285714286,0.6971122285426311,0.1745974852874456,0.6203687756176234,1.159489687779909,11.033153238708149,59.0,5.0,4.933333333333334,0.029
28056.0,6.0,18.0,0.0,,,,,,,,63.0,5.0,5.0,0.973
1340.0,16.0,3.0,0.0,34.3584,2196.769266666667,3449.511836755813,324.8082802077756,0.8335889988230138,0.9323510082115144,2.141222274920929,45.0,5.0,4.695652173913044,0.457
412.0,8.0,7.0,0.0,10.857673816,1833.4100841857496,2580.3876674014696,227.17412426052925,1.1146964673080748,1.5006932423999348,5.321603580017828,19.0,5.0,4.1,0.017
736.0,19.0,5.0,0.0,207.33571428571423,3540.163571428572,10735.52851676393,172.49288153034166,2.5514530161151705,7.132742337929585,62.865966258133255,41.0,5.0,4.666666666666667,0.475
39366.0,9.0,2.0,0.0,0.771111,12.304476666666666,1.21100270939095,2.748761010369389,1.4711308660595714,0.7814895443695725,1.6364049182723184,63.0,5.0,5.0,0.504
45164.0,74.0,11.0,0.0,-140.3267622027027,39437.46860767567,236010.67532457612,8054.790598861955,0.774898661190713,4.907742854601313,52.62876662521896,53.0,5.0,4.814814814814815,1.477
3772.0,27.0,4.0,0.0,0.8841666666666667,303.82,214.1371009423636,19.051153247658576,3.569191882469104,4.619724818308129,51.41313506551004,21.0,5.0,3.727272727272727,0.522
3772.0,27.0,2.0,0.0,0.8841666666666667,303.82,214.1371009423636,19.051153247658576,3.569191882469104,4.619724818308129,51.41313506551004,45.0,5.0,4.652173913043479,1.09
990.0,12.0,11.0,0.0,-1.9467,1.8246,1.3997468485408353,0.6989785238216653,0.0911152728506248,0.160005616727564,-0.3914272150168468,39.0,5.0,4.65,0.496
11183.0,6.0,2.0,0.0,-0.6715638566666667,16.8715624,11.784499604147696,0.9999552890128648,4.443275632344252,3.1858743004413164,62.75332612137243,47.0,5.0,4.708333333333333,0.347
937.0,48.0,2.0,0.0,1537.515,1494050.0947916666,10184469.144446604,80338.55595621439,3.853022028298105,5.251353963717979,51.70561684818716,29.0,5.0,4.133333333333334,0.363
556.0,6.0,2.0,0.0,,,,,,,,15.0,5.0,3.75,0.24
601.0,6.0,2.0,0.0,,,,,,,,51.0,5.0,4.807692307692308,0.253
554.0,6.0,2.0,0.0,,,,,,,,25.0,5.0,4.076923076923077,0.25
267.0,22.0,2.0,0.0,,,,,,,,35.0,5.0,4.333333333333333,0.364
349.0,44.0,2.0,0.0,18.954545454545453,81.13636363636364,3.2234292093620724,9.299552883681107,-1.821004236050384,0.6123688626843645,5.782937715235994,29.0,5.0,4.333333333333333,0.257
9961.0,14.0,9.0,0.0,-0.5036832142857143,8.958254642857142,23.100495606531325,1.705466130496445,0.1098366996914081,0.5042984176457732,-0.0371857575200205,63.0,5.0,5.0,1.024
600.0,60.0,6.0,0.0,7.978913906666667,52.82164,6.3951766465360445,9.743561446110936,0.0340046995069279,0.2887270041823522,-0.557406165998328,31.0,5.0,4.5,0.397
8844.0,59.0,7.0,0.0,,,,,,,,33.0,5.0,4.764705882352941,26.47
7485.0,59.0,7.0,0.0,,,,,,,,33.0,5.0,4.764705882352941,28.725
7019.0,59.0,8.0,0.0,,,,,,,,63.0,5.0,5.0,28.226
200.0,7.0,2.0,0.0,8.766666666666667,36.18333333333333,14.718063353882158,6.475659579421926,-0.0190733150394533,0.048366166647371,-0.628048913664785,21.0,5.0,3.909090909090909,0.237
264.0,4.0,2.0,0.0,2.6,44.29666666666666,12.287772603509374,8.863572000281353,-0.0712189220892727,0.7874517796748779,0.3623505866129008,9.0,3.0,2.4,0.244
500.0,5.0,2.0,0.0,41.5,107.5,32.5,15.379203677606728,0.183052415882184,0.263089842718354,-0.4494667691339811,19.0,5.0,3.8,0.298
285.0,7.0,7.0,0.0,10.45,37.193333333333335,45.52824861799783,7.06878159973168,-0.0753582949819782,0.4149222987877474,-1.1359218836162748,51.0,5.0,4.807692307692308,0.334
1340.0,16.0,3.0,0.0,34.3584,2196.769266666667,3449.511836755813,324.8082802077756,0.8335889988230138,0.9323510082115144,2.141222274920929,45.0,5.0,4.695652173913044,0.467
406.0,7.0,3.0,0.0,302.3333333333333,996.4,1858.8597687830036,167.30403487881938,0.4903492197701196,0.3231483352546117,-0.4047003409141506,27.0,5.0,4.357142857142857,0.265
841.0,70.0,4.0,0.0,0.8285714285714286,34.4,30.209459256521438,5.3533405195349895,1.1147021119329903,0.6778125117860878,2.359129460351534,37.0,5.0,4.421052631578948,0.36
340.0,14.0,2.0,0.0,0.9823333333333334,24.13166666666666,75.94116942666138,7.552858824791676,-0.0345574280064846,0.2134269314942547,0.4784980761712922,21.0,5.0,4.181818181818182,0.301
797.0,4.0,6.0,0.0,,,,,,,,47.0,5.0,4.708333333333333,0.297
672.0,8.0,2.0,0.0,18.0,47.1,27.52526112501024,5.645659350451739,0.3391636553707359,0.3217029078260171,-0.3634711692420957,49.0,5.0,4.72,0.35
362.0,32.0,5.0,0.0,,,,,,,,41.0,5.0,4.714285714285714,0.524
400.0,5.0,4.0,0.0,0.0,198.0,0.0,29.988130881233666,3.2218216628239054,0.0,11.93641680597003,45.0,5.0,4.739130434782608,0.281
209.0,8.0,2.0,0.0,1553.2571428571428,17684.1,41806.15240132553,4224.77030718477,1.5923506450915532,1.819077064158548,7.392455226696777,17.0,5.0,3.6666666666666665,0.247
1161.0,14.0,4.0,0.0,158.76923076923077,906.7692307692308,471.45864552245706,109.20922051621496,1.387123176911953,1.1137260306398231,4.00367497059147,53.0,5.0,4.851851851851852,0.024
310.0,8.0,9.0,0.0,76.3031875,224.7454,289.10399701544685,40.91803089752344,0.1156823541809146,0.3592770028398078,-0.776846535221969,17.0,4.0,3.333333333333333,0.226
1000.0,25.0,2.0,0.0,-1.82777044,1.91729264,0.6101693440484783,0.9994999059503388,0.0645239512346236,0.3058130363094687,-0.9895953140885926,53.0,5.0,4.814814814814815,0.314
508.0,10.0,2.0,0.0,31.318,76.33999999999999,66.40556015876983,7.470359961313146,0.8165731342791582,0.8019279727939392,1.7234641598935436,41.0,5.0,4.571428571428571,0.18
4177.0,8.0,2.0,0.0,0.0192857142857142,1.2390714285714286,0.6971122285426311,0.1745974852874456,0.6203687756176234,1.159489687779909,11.033153238708149,61.0,5.0,4.967741935483871,0.456
200.0,10.0,2.0,0.0,-1.0,1.0,0.0,0.8371013090799501,0.0205671704981902,0.1324588521686527,-1.5528290300280934,33.0,5.0,4.294117647058823,0.156
15000.0,26.0,2.0,0.0,12.73076923076923,119.96153846153848,49.30632723419423,12.036950155398555,4.780045379433384,2.949315820112336,34.88743391535797,53.0,5.0,4.851851851851852,0.56
1000.0,25.0,2.0,0.0,-1.8115443600000003,1.9767236,0.6237581507555633,0.9994999001968288,0.1014592703294146,0.3156133578840518,-0.9708477930445458,47.0,5.0,4.708333333333333,0.323
8192.0,8.0,2.0,0.0,0.380009125,8.796524875000001,12.300874605603768,1.0826739624695263,0.469408311944097,0.9239175231764633,0.6969579751040913,61.0,5.0,4.967741935483871,0.456
40768.0,10.0,2.0,0.0,-1.0,1.0,0.0,0.8349321573951924,-0.003820939835716,0.0070429340517607,-1.5503087176982195,59.0,5.0,4.933333333333334,0.47
4052.0,7.0,2.0,0.0,279.0,286.2857142857143,694.7305159527099,1.7575764251590469,2.7479867719750466,3.0088809758073043,17.041561950383187,33.0,5.0,4.470588235294118,0.258
250.0,5.0,2.0,0.0,-1.8756332,1.7892959999999998,0.249129862763981,0.9979980215768836,-0.0805147908352799,0.0914704237608611,-1.052861289679703,29.0,5.0,4.133333333333334,0.155
250.0,50.0,2.0,0.0,-1.7252845199999995,1.7347053,0.0798342020463034,0.9979980266562364,0.0033649357740887,0.09376316614137,-1.1797956940005472,33.0,5.0,4.411764705882353,0.252
209.0,6.0,2.0,0.0,24.166666666666668,16330.666666666666,24228.788569706816,2650.1391741592806,3.108127444700647,0.6561903007425178,13.202312837755352,17.0,4.0,3.333333333333333,0.158
13750.0,40.0,2.0,0.0,-29.3243,28.497475,152.74706798904316,7.59100253773102,-4.55790779336491,16.781108748875468,916.8636299450402,63.0,5.0,5.0,0.893
8192.0,12.0,2.0,0.0,163.0,551006.3066666666,958243.3407556644,67241.64389714593,5.074304624464147,4.287972031699612,77.06930335086304,57.0,5.0,4.931034482758621,0.586
3107.0,6.0,2.0,0.0,-20704981.05461883,-11268321.234109668,25196760.26526216,1912308.1955120836,0.0334706292720225,0.652049049249415,1.959069848287312,61.0,5.0,4.967741935483871,0.286
1000.0,10.0,2.0,0.0,-1.8366448,2.2410559,0.8816168017881068,0.9994999019794456,0.2289983426559738,0.4570165343356738,-0.7027704484613608,51.0,5.0,4.769230769230769,0.217
1000.0,5.0,2.0,0.0,-1.8403218000000003,1.847631,0.2197141822177166,0.9994999018199464,0.0019460202642809,0.0268360778228864,-1.092704174444097,51.0,5.0,4.807692307692308,0.2
250.0,5.0,2.0,0.0,-1.8505004,2.5891526,0.9399317775367744,0.9979980160718036,0.4198124132165119,0.5286424092461575,-0.2305277980638063,35.0,5.0,4.388888888888889,0.16
250.0,25.0,2.0,0.0,-1.7053406800000002,1.7461781599999997,0.1163893366884372,0.9979980236442164,0.0228624430867937,0.094778131605983,-1.1972210126505904,27.0,5.0,4.0,0.209
500.0,5.0,2.0,0.0,-1.8092258,2.7797468000000003,0.9921110972931204,0.9989995314301312,0.4213036223466483,0.5508359684141667,-0.2559117473894589,39.0,5.0,4.5,0.163
500.0,7.0,2.0,0.0,-1.8857414285714285,61.64938714285714,121.20109614030144,14.78306723211879,-0.045623069151749,0.5206447588921137,0.4989987534076408,35.0,5.0,4.555555555555555,0.178
1000.0,10.0,2.0,0.0,-1.8199416,2.4587877,1.0210288338615174,0.9994999040443336,0.3062015705516949,0.4783678895695072,-0.5859464306558405,53.0,5.0,4.814814814814815,0.208
8192.0,32.0,2.0,0.0,-12.481346812500002,13.77166903125,26.342811145317967,7.586460460801845,-0.0026872986819989,0.0129998171858506,-1.1968486921306232,59.0,5.0,4.933333333333334,1.216
528.0,21.0,2.0,0.0,29.18628421052632,4148.618763157895,13449.926515290284,1052.1526824296336,1.5435058971175748,1.4935644047203431,3.757941208513458,25.0,5.0,4.076923076923077,0.339
8192.0,21.0,2.0,0.0,93.15238095238097,315095.7861904761,773891.5644647182,38446.23852160967,5.398356926130634,4.964297594145802,82.69398017053801,45.0,5.0,4.782608695652174,0.734
250.0,10.0,2.0,0.0,-1.7569574,1.7094467999999998,0.0376999250869282,0.997998024381251,-0.015527943348436,0.0854134139453154,-1.1516556466263697,39.0,5.0,4.45,0.161
500.0,50.0,2.0,0.0,-1.74915502,1.73799192,0.086122806205288,0.9989995288661372,-0.0073949768699915,0.0695028786711393,-1.179661677659924,43.0,5.0,4.590909090909091,0.3
250.0,50.0,2.0,0.0,-1.73117932,1.7156099599999997,0.095292810120168,0.9979980241590326,-0.0116177047565923,0.0833987247470336,-1.1861027816170522,29.0,5.0,4.066666666666666,0.251
625.0,6.0,2.0,0.0,326.21,1521.0333333333335,2551.6835466456696,99.3719590131082,1.4214833216981602,2.3048016374181173,10.228113713097152,35.0,5.0,4.5,0.168
250.0,25.0,2.0,0.0,-1.7233848,1.68025752,0.0907050072435342,0.9979980281715988,-0.0186120474474801,0.1114217583451375,-1.2197751171858788,29.0,5.0,4.2,0.218
250.0,5.0,2.0,0.0,-1.7774986000000002,1.7199324,0.0357078935396643,0.9979980262663546,-0.0656180720224302,0.038581273622502,-1.1608269312277086,39.0,5.0,4.5,0.153
252.0,14.0,2.0,0.0,42.62107142857143,91.27206428571432,87.6926526461075,6.402530769984145,0.256731541784661,1.6809648047952932,6.781982775921295,3.0,1.0,1.0,0.178
500.0,25.0,2.0,0.0,-1.73094368,1.7487813600000002,0.1160610851577323,0.9989995308667982,0.0055833521865781,0.0799390188204226,-1.1832711260636026,37.0,5.0,4.473684210526316,0.254
303.0,13.0,2.0,0.0,53.333333333333336,175.36666666666667,191.64012859755888,17.203012324882774,0.5923501167393587,0.7120258490629425,1.1049905702400793,47.0,5.0,4.708333333333333,0.334
500.0,5.0,2.0,0.0,-1.8793424,2.1401932,0.5344276362690836,0.9989995204573836,0.1340783317128016,0.2672755715920688,-0.9248116850021102,37.0,5.0,4.473684210526316,0.165
250.0,10.0,2.0,0.0,-1.8149869,2.2357175,0.980948845367,0.997998026837798,0.1984004473826988,0.5049305096288728,-0.5417472769200913,29.0,5.0,4.066666666666666,0.171
250.0,25.0,2.0,0.0,-1.74868144,1.78576884,0.2566388634138921,0.9979980249442534,0.0395877879267049,0.1831362009988493,-1.1436070390307569,31.0,5.0,4.1875,0.211
209.0,7.0,2.0,0.0,24.166666666666668,16330.666666666666,24228.788569706816,2650.1391741592806,3.108127444700647,0.6561903007425178,13.202312837755352,13.0,3.0,2.857142857142857,0.283
1000.0,50.0,2.0,0.0,-1.76093666,1.87560432,0.5500620698522828,0.9994999066301572,0.046023466606419,0.2291953760740233,-1.064662478259226,53.0,5.0,4.814814814814815,0.447
303.0,13.0,2.0,0.0,32.333333333333336,82.03333333333333,87.95797607696278,8.792195700426573,0.5795155256470683,0.7027532633334543,0.3332441911619433,53.0,5.0,4.814814814814815,0.341
1000.0,5.0,2.0,0.0,-1.7072482,1.7430301999999998,0.0202408121121658,0.9994998961648952,0.0210304064450523,0.0394371530889169,-1.1862650794195522,57.0,5.0,4.896551724137931,0.176
1945.0,18.0,2.0,0.0,818.7058333333334,4342.3341666666665,8264.84975654978,548.1005764968261,2.023063503650762,2.050314769520967,15.301536843784808,51.0,5.0,4.769230769230769,1.27
7129.0,5.0,2.0,0.0,-0.0172,0.024264,0.0188090080546529,0.0059034919770704,0.1132819184788151,0.3139794449132866,0.4983524355977578,61.0,5.0,4.967741935483871,0.316
500.0,50.0,2.0,0.0,-1.7335168199999995,1.85100008,0.4149337880988647,0.9989995305084296,0.0571554160529254,0.2131537399757401,-1.0958287863600022,47.0,5.0,4.708333333333333,0.31
1000.0,50.0,2.0,0.0,-1.75338086,1.81393922,0.3752581849404108,0.9994999036048868,0.041490301090214,0.2302252514047463,-1.0983719584239122,51.0,5.0,4.769230769230769,0.425
8192.0,8.0,2.0,0.0,-1.570340125,1.57053375,0.0002042258247626,0.9052261581062376,-0.0024236938888669,0.0137487820068236,-1.1908427265272383,63.0,5.0,5.0,0.492
418.0,18.0,2.0,0.0,57.18879,1813.07294,4048.2585482398463,269.00959787326696,1.7865414820330234,1.2402642993004351,6.6658348502918585,39.0,5.0,4.5,0.378
1000.0,5.0,2.0,0.0,-1.9317472,2.6334814,0.9144361412968324,0.9994999049450056,0.3799051670286492,0.5136484149435863,-0.3953474495735274,53.0,5.0,4.814814814814815,0.184
8192.0,8.0,2.0,0.0,-1.5633335000000002,1.563298875,0.5561994741730338,0.9015544459822328,-0.0057403169297953,0.0133041649331659,-1.1945919896764778,63.0,5.0,5.0,0.5
310.0,8.0,2.0,0.0,87.19292857142857,256.78434285714286,295.48152289244683,46.75067157041676,0.0541372944947294,0.3423705664370491,-0.8948828324963873,3.0,1.0,1.0,0.278
9517.0,6.0,2.0,0.0,-19.31745,17.6479,32.81212401206806,5.101812902027932,-0.0159060190392087,0.1164386872858808,0.5782379932786779,63.0,5.0,5.0,0.334
235.0,12.0,2.0,0.0,145.75,358.425,490.2812426301867,45.31360036826829,0.9872729349034096,0.3249597714327805,0.7219777292935535,21.0,5.0,3.909090909090909,0.163
22784.0,16.0,2.0,0.0,0.1510071875,457661.068840125,1772510.3150475272,4117.028646981522,6.137655244533562,17.448254966071307,468.8208156431651,63.0,5.0,5.0,0.846
20640.0,8.0,2.0,0.0,1880.0049875,73454.8687625,161915.8187930833,14940.874576839517,2.387176969845901,1.7108949109085527,19.19094157248152,51.0,5.0,4.807692307692308,0.439
500.0,10.0,2.0,0.0,-1.8333359,1.7656451999999998,0.1569989648111094,0.9989995276391216,-0.0286958773040756,0.0401293609183916,-1.148798100379874,39.0,5.0,4.45,0.177
506.0,20.0,2.0,0.0,11.241318823529411,424.6449823529412,1181.4696692338612,111.90061041967692,0.4586573848382017,1.589911651288993,2.7991179637713,39.0,5.0,4.45,0.365
576.0,11.0,2.0,0.0,,,,,,,,53.0,5.0,4.814814814814815,0.304
250.0,10.0,2.0,0.0,-1.7959479000000005,1.8843636,0.4615086083851958,0.9979980171303598,0.0665154351927821,0.2507641987067748,-1.003736894146464,25.0,5.0,4.076923076923077,0.165
398.0,7.0,2.0,0.0,433.75,1462.45,2128.6791696965515,247.77806301973075,0.6542027009827044,0.2949520437314277,-0.1039204129960998,33.0,5.0,4.352941176470588,0.395
250.0,25.0,2.0,0.0,-1.7046685199999998,1.94581628,0.6167916977948726,0.9979980318091932,0.1225946390498364,0.2993448258651169,-0.9991977725774954,29.0,5.0,4.066666666666666,0.231
8192.0,32.0,2.0,0.0,-0.0303515624999999,6.17851978125,8.340634647541187,0.967532012538776,0.6205672677152604,0.8917281196505121,0.9378355853742828,63.0,5.0,5.0,1.239
1000.0,50.0,2.0,0.0,-1.74937782,1.74110198,0.1093160566669855,0.9994999050948796,5.105327485079039e-05,0.0439719101403602,-1.1861119991333884,49.0,5.0,4.72,0.441
500.0,25.0,2.0,0.0,-1.76331476,1.96625064,0.5626979787329527,0.9989995277444292,0.1236423677741265,0.3028337829790846,-0.9712995190716184,41.0,5.0,4.523809523809524,0.268
782.0,8.0,2.0,0.0,-25.54166666666667,55.385,64.40197091963361,24.47770205097065,-0.1096474336643044,1.1246004481257343,4.155158455446714,25.0,5.0,4.076923076923077,0.341
205.0,25.0,2.0,0.0,662.3770588235294,3368.365294117647,10651.199603342182,532.1094430523888,0.7871280922114217,0.9579806535831864,1.6969552606727305,13.0,5.0,3.2857142857142856,0.37
950.0,9.0,2.0,0.0,25.70488888888889,56.208333333333336,22.61613546416216,7.142688617952708,-0.018763710460088,0.4454647489938276,-0.7783488319532706,25.0,5.0,4.461538461538462,0.191
22784.0,8.0,2.0,0.0,0.16419725,352427.1118055,932428.485583631,3118.861425483466,11.488497151631533,24.07517640554257,973.7403833239132,63.0,5.0,5.0,0.582
286.0,9.0,2.0,0.0,29.0,74.0,0.0,9.706689196110334,-0.007125759778074,0.0,-0.6186325971267421,29.0,5.0,4.266666666666667,0.34
1000.0,10.0,2.0,0.0,-1.7593568999999998,1.7008792,0.0516355338769727,0.9994999015105236,-0.0385481820250414,0.0470010177191051,-1.1933011518954724,51.0,5.0,4.769230769230769,0.209
16599.0,18.0,2.0,0.0,-65.79014444444445,62.346533333333326,222.07527545112816,17.77984741188235,9.738247933053136,29.477918959021093,1005.2163130878226,63.0,5.0,5.0,0.581
6574.0,14.0,2.0,0.0,4.691428571428572,33.863571428571426,13.960344145953902,4.987181008234576,0.4864545800191551,0.2755173860475786,-0.0298633306414008,63.0,5.0,5.0,0.615
1000.0,25.0,2.0,0.0,-1.7302991600000002,1.727833,0.0293389280458574,0.999499905213796,-0.0002361663678901,0.0402777146598547,-1.196827342345181,57.0,5.0,4.896551724137931,0.317
500.0,10.0,2.0,0.0,-1.835039,2.483021,1.129695662693807,0.9989995254887856,0.2823501504285811,0.5131164672131725,-0.5038381598769792,41.0,5.0,4.523809523809524,0.179
250.0,10.0,2.0,0.0,-1.842189,2.1990951999999995,0.7247429050519639,0.9979980187077006,0.2988333922386365,0.4990028236123279,-0.5385538707580002,35.0,5.0,4.277777777777778,0.17
1000.0,50.0,2.0,0.0,-1.74907678,1.77490602,0.2472468842436232,0.999499903855146,0.0217438762138802,0.1124644640409879,-1.1633438097748967,49.0,5.0,4.72,0.445
500.0,10.0,2.0,0.0,-1.784743,2.0139434,0.6055411182154685,0.9989995309368837,0.1119159844577946,0.2350909864209687,-1.0028955958464831,37.0,5.0,4.421052631578948,0.18
500.0,5.0,2.0,0.0,-1.8415392,1.8352854,0.2133078220831107,0.9989995239711998,0.0020826999814363,0.0435739857978963,-1.082679955193515,41.0,5.0,4.523809523809524,0.172
3848.0,5.0,2.0,0.0,-23.43294,23.13056,8.945223382923425,6.528597961219754,0.0206174829088089,0.0972314621081191,-0.096608355714721,35.0,5.0,4.444444444444445,0.355
250.0,50.0,2.0,0.0,-1.7012801000000002,1.81149764,0.4316927619297205,0.9979980257521603,0.0701744354988173,0.229929271370898,-1.0996319033519122,29.0,5.0,4.066666666666666,0.27
250.0,50.0,2.0,0.0,-1.73799062,1.75186392,0.1803167000478702,0.9979980264269162,0.0103186133405276,0.1356329082691388,-1.1542432778687886,33.0,5.0,4.352941176470588,0.257
500.0,25.0,2.0,0.0,-1.78592672,1.79717268,0.3145348393736655,0.9989995303866356,0.0273523614936777,0.1809331532844192,-1.109152650527387,37.0,5.0,4.368421052631579,0.257
284.0,10.0,2.0,0.0,59.0,11546.8,21246.317199929024,978.9663683660596,4.574286243009525,3.910247850246494,43.9674788846343,3.0,1.0,1.0,0.186
40768.0,10.0,2.0,0.0,147.73701314285717,244.41128685714284,426.3009301464919,27.437117635467217,0.0926138433041701,0.3763671875522423,-1.0763234053159123,47.0,5.0,4.833333333333333,0.808
500.0,5.0,2.0,0.0,-1.7045375999999997,1.7487625999999998,0.0725738073263349,0.9989995294754044,0.0137503281561655,0.0760094810776639,-1.2142420449784006,39.0,5.0,4.5,0.17
500.0,7.0,2.0,0.0,-2.192727142857143,61.86337571428572,121.50236006695012,14.917162413625425,-0.118266977784124,0.590365482770145,0.4748910003384585,45.0,5.0,4.695652173913044,0.18
500.0,50.0,2.0,0.0,-1.71849452,1.7351681599999995,0.0547578735337156,0.9989995306062304,0.007982967130095,0.0635901195643334,-1.1885641490526244,45.0,5.0,4.695652173913044,0.313
500.0,25.0,2.0,0.0,-1.76679332,1.9220966400000004,0.602276207190746,0.9989995301976416,0.0979105750394938,0.3435705770908406,-0.9545636090061556,35.0,5.0,4.388888888888889,0.277
1161.0,15.0,2.0,0.0,235.30769230769232,2984.3076923076924,7592.311833838788,270.48840805847186,1.6363623402677268,1.6056254690069025,7.297836238068736,25.0,5.0,3.923076923076923,0.381
400.0,6.0,2.0,0.0,4.059316666666667,63.792750000000005,32.29440705378926,6.465437014987532,3.615806300231301,1.3437375043265682,21.500873925027022,23.0,5.0,4.0,0.163
40768.0,10.0,2.0,0.0,0.0,1.0,0.0,0.288345795311712,0.0015462381676243,0.0058977673748964,-1.1965749447053615,63.0,5.0,5.0,0.764
1000.0,25.0,2.0,0.0,-1.77529788,1.81033732,0.2748299034602632,0.9994999028906052,0.0239683308933019,0.1439709901996916,-1.131927450863491,49.0,5.0,4.72,0.328
1000.0,50.0,2.0,0.0,-1.7383029,1.72784062,0.0429559824354606,0.9994999040254794,-0.0096534225957218,0.0470517308758302,-1.1966704863740325,49.0,5.0,4.76,0.427
400.0,7.0,2.0,0.0,3.7826,4.571585714285713,0.2630479230024796,0.1071955550387776,-0.1035390595384362,0.565583107012688,1.2140794059017732,39.0,5.0,4.6,0.169
400.0,7.0,2.0,0.0,9.032928571428572,45.60814285714287,31.03595991255752,4.69761525728281,1.0049865837820422,0.8032550857397459,3.397329399568188,31.0,5.0,4.4375,0.166
400.0,7.0,2.0,0.0,3.900971428571428,4.531114285714286,0.2035099255464419,0.0991051827114493,-0.0396279695248397,0.2045176569462461,0.2978155151208525,47.0,5.0,4.708333333333333,0.166
400.0,7.0,2.0,0.0,10.510028571428572,51.32855714285714,31.21966416932293,5.219676124399953,1.318865427974463,0.8300172539090824,4.566359486973082,29.0,5.0,4.266666666666667,0.166
1000.0,10.0,2.0,0.0,-1.8225178,1.8082259,0.2565867483002386,0.9994999010822818,-0.0212258859163792,0.0349050847146736,-1.1504557815091068,51.0,5.0,4.807692307692308,0.212
250.0,5.0,2.0,0.0,-1.8338372,1.9889352,0.4416970822029051,0.9979980180783784,0.0760479145347512,0.2528263038409635,-0.990826520970132,27.0,5.0,3.928571428571429,0.164
1000.0,5.0,2.0,0.0,-1.9433404,2.191955,0.6890192667256845,0.9994999016850838,0.1310479556272447,0.2714670749391902,-0.8201503773918809,43.0,5.0,4.590909090909091,0.194
1000.0,10.0,2.0,0.0,-1.8261569,1.9807752999999997,0.6030624524393887,0.99949990799694,0.0960463951462556,0.2241815614386562,-0.9976140651050702,51.0,5.0,4.807692307692308,0.217
315.0,13.0,2.0,0.0,77.973114,2613.000333,3458.6166811760736,312.5613585108583,3.0640084152474727,3.772419582554517,29.725933270192904,27.0,5.0,4.214285714285714,0.326
1000.0,25.0,2.0,0.0,-1.75136068,1.75850096,0.1299505005455477,0.9994999038450942,0.0062115043266711,0.0450956296956472,-1.1782588915118444,49.0,5.0,4.76,0.319
250.0,50.0,2.0,0.0,-1.7356771,1.83915698,0.3926039056071903,0.9979980250518452,0.0630183761314538,0.2634110729263327,-1.0523080515433505,35.0,5.0,4.444444444444445,0.264
500.0,50.0,2.0,0.0,-1.73366514,1.7775842600000002,0.299655475901897,0.998999531176682,0.0271689676384164,0.1363848382905846,-1.1587925603305933,37.0,5.0,4.421052631578948,0.311
8641.0,4.0,2.0,0.0,0.292,57.12533333333332,76.99854589680393,10.11492231521286,0.2559250228128802,0.2269886668408993,-0.7889207845004728,7.0,2.0,2.0,0.389
323.0,4.0,2.0,0.0,-29.668655,67.018216,39.31896545871535,24.723731915002503,-0.1503404942091224,0.2694966693318126,-0.6091842773406979,19.0,5.0,3.8,0.161
500.0,25.0,2.0,0.0,-1.7311208,1.73748448,0.0461817002884216,0.9989995314394712,0.0178300854533887,0.061802809376095,-1.1803086742877469,39.0,5.0,4.6,0.242
1302.0,33.0,2.0,0.0,292.125,10090.34375,15495.64769058028,1116.655559411016,1.4966319491800055,1.6976564780243597,8.589933861939357,51.0,5.0,4.807692307692308,0.571
250.0,25.0,2.0,0.0,-1.7448230800000002,1.96084756,0.5952730387468983,0.9979980262733764,0.1230921104865576,0.3071296244484608,-0.9478102343848356,29.0,5.0,4.2,0.211
1156.0,5.0,2.0,0.0,0.0,746.3,0.0,44.33907892047095,7.193711684481208,0.0,81.87672303272348,41.0,5.0,4.619047619047619,0.364
250.0,10.0,2.0,0.0,-1.7345433,1.7490442000000002,0.1276367189720889,0.9979980268290882,0.0053081548441552,0.1121126932859471,-1.181573690018742,29.0,5.0,4.066666666666666,0.168
500.0,10.0,2.0,0.0,-1.8064742000000005,2.1384102999999994,0.7811498719549341,0.9989995210860018,0.1591644202027617,0.4389794968376022,-0.7592815688583656,43.0,5.0,4.636363636363637,0.186
500.0,50.0,2.0,0.0,-1.7225816200000004,1.85185816,0.5643307803177976,0.99899952662917,0.0787504893964032,0.276424888638643,-1.062367324483336,43.0,5.0,4.636363636363637,0.301
228.0,8.0,2.0,0.0,0.125,227.125,313.67596237996946,46.18014132034688,0.4059507391437388,0.474029413019145,0.4028994077746731,9.0,4.0,2.8,0.164
527.0,36.0,2.0,0.0,8.180952380952382,61.785714285714285,39.88969655382781,6.461066954788306,0.4559876413520918,4.275190904338294,26.269200047594705,13.0,3.0,2.857142857142857,1.145
500.0,10.0,2.0,0.0,-1.7345412,1.7205549000000002,0.0610135248980912,0.9989995289900327,-0.0310204559110161,0.0517491823529806,-1.1805504366437114,37.0,5.0,4.421052631578948,0.187
559.0,4.0,2.0,0.0,10.833333333333334,985884.8333333334,1393532.9715530197,69504.61946073746,3.355810291866202,4.437346314269552,34.25053376882463,17.0,5.0,3.888888888888889,0.287
559.0,4.0,2.0,0.0,10.5,865515.1666666666,1223304.5624881764,60355.64232300038,3.3729069266079788,4.46150476582848,34.84406237380734,23.0,5.0,4.083333333333333,0.299
559.0,4.0,2.0,0.0,10.5,865515.1666666666,1223304.5624881764,60355.64232300038,3.3729069266079788,4.46150476582848,34.84406237380734,17.0,5.0,3.888888888888889,0.288
559.0,4.0,2.0,0.0,10.833333333333334,985884.8333333334,1393532.9715530197,69504.61946073746,3.355810291866202,4.437346314269552,34.25053376882463,3.0,1.0,1.0,0.287
214.0,9.0,6.0,0.0,9.75235,14.26377,22.368783133169213,0.6879278145483789,1.6525943876045237,2.181181106323898,9.908544271023596,29.0,5.0,4.4,0.185
3190.0,60.0,2.0,0.0,,,,,,,,55.0,5.0,4.857142857142857,1.951
412.0,8.0,2.0,0.0,10.857674,1833.41008425,2580.387667356036,227.17412426089328,1.1146964710927691,1.5006932370821022,5.321603492921965,21.0,5.0,4.2727272727272725,0.32
2310.0,18.0,2.0,0.0,-4.835787777777778,211.27250138888888,360.9408920443695,26.71530309616898,3.32095885523078,4.715675124494311,38.51719077970061,27.0,5.0,4.214285714285714,0.391
12960.0,8.0,2.0,0.0,,,,,,,,3.0,1.0,1.0,0.573
285.0,7.0,2.0,0.0,10.45,37.193333333333335,45.52824861799783,7.06878159973168,-0.0753582949819782,0.4149222987877474,-1.1359218836162748,43.0,5.0,4.590909090909091,0.315
2000.0,6.0,2.0,0.0,256.6978218333333,2969.839272333333,6530.902177977327,630.7493360225211,0.5315671733271813,0.334925002356022,-0.536236901117496,23.0,5.0,4.083333333333333,0.221
1340.0,16.0,2.0,0.0,34.3584,2196.769266666667,3449.511836755813,324.8082802077756,0.8335889988230138,0.9323510082115144,2.141222274920929,35.0,5.0,4.388888888888889,0.416
406.0,8.0,2.0,0.0,302.3333333333333,996.4,1858.8597687830036,167.30403487881938,0.4903492197701196,0.3231483352546117,-0.4047003409141506,29.0,5.0,4.2,0.343
841.0,70.0,2.0,0.0,0.8285714285714286,34.4,30.209459256521438,5.3533405195349895,1.1147021119329903,0.6778125117860878,2.359129460351534,31.0,5.0,4.1875,0.326
2000.0,76.0,2.0,0.0,0.0031921710526315,0.3819513552631579,0.1489748457108486,0.0670911727002735,0.544700778802789,0.2475412351181632,0.119006389186444,23.0,5.0,3.8333333333333335,0.863
205.0,25.0,2.0,0.0,753.7606666666667,3835.414,11257.364133139872,605.477606229712,0.7995814630212842,0.8340229406593394,1.3593185995836712,23.0,5.0,3.75,0.376
9961.0,14.0,2.0,0.0,-0.5036832142857143,8.958254642857142,23.100495606531325,1.705466130496445,0.1098366996914081,0.5042984176457732,-0.0371857575200205,41.0,5.0,4.714285714285714,0.703
20000.0,16.0,2.0,0.0,0.0,15.0,0.0,2.2737143004571942,0.2902970341018098,0.4552305332806456,0.6977379005298197,35.0,5.0,4.666666666666667,0.415
5000.0,40.0,2.0,0.0,-3.18525,5.160500000000001,1.9233316796642224,1.2709884790296415,0.0354682736242672,0.1180545988457065,-0.1964174932196971,63.0,5.0,5.0,1.14
5620.0,62.0,2.0,0.0,0.0,13.82258064516129,4.426912539297916,3.804866568645374,5.451185659375663,11.21544662795505,168.55386930106587,57.0,5.0,4.896551724137931,0.883
10108.0,68.0,2.0,0.0,,,,,,,,47.0,5.0,4.75,3.925
303.0,13.0,2.0,0.0,53.333333333333336,175.36666666666667,191.64012859755888,17.21409119754212,0.5952455447960666,0.7113197986643021,1.108897571045537,47.0,5.0,4.708333333333333,0.317
1473.0,9.0,2.0,0.0,8.0,32.5,16.5,5.291099865618952,0.677731575793992,0.4212823703120932,0.2928560302339109,35.0,5.0,4.555555555555555,0.421
366.0,4.0,2.0,0.0,1.0,365.5,0.5,105.51036678850116,0.0,0.0,-1.2,23.0,5.0,4.0,0.295
364.0,32.0,2.0,0.0,,,,,,,,41.0,5.0,4.571428571428571,0.465
500.0,21.0,2.0,0.0,1.1395,31.9235,107.73844575057689,8.208886201867852,1.1573026885417077,1.071464584672351,3.769432354707398,3.0,1.0,1.0,0.297
736.0,19.0,2.0,0.0,207.33571428571423,3540.163571428572,10735.52851676393,172.49288153034166,2.5514530161151705,7.132742337929585,62.865966258133255,43.0,5.0,4.681818181818182,0.382
1728.0,6.0,2.0,0.0,,,,,,,,19.0,5.0,4.3,0.365
7019.0,59.0,2.0,0.0,-825.4848484848485,190962.9696969697,382439.6147848929,75314.27568631589,3.052536152443773,7.287797908133191,65.68960558981966,19.0,5.0,4.3,3.017
846.0,18.0,2.0,0.0,78.38888888888889,198.88888888888889,221.001228978204,22.757377250037585,1.0415777283622751,1.6518521241768302,5.15314051651476,33.0,5.0,4.352941176470588,0.262
2000.0,47.0,2.0,0.0,13.034599617021277,221.2252379361703,205.23963913704335,40.11542030385359,0.7908300749973223,0.4824461076013355,0.7353956104112764,27.0,5.0,4.071428571428571,0.67
214.0,9.0,2.0,0.0,9.75235,14.26377,22.368783133169213,0.6879278145483789,1.6525943876045237,2.181181106323898,9.908544271023596,27.0,5.0,4.071428571428571,0.162
625.0,4.0,2.0,0.0,1.0,5.0,0.0,1.4142135623730951,0.0,0.0,-1.300798439249973,57.0,5.0,4.896551724137931,0.161
226.0,69.0,2.0,0.0,,,,,,,,15.0,5.0,3.625,0.663
3772.0,27.0,2.0,0.0,0.8841666666666667,303.82,214.1371009423636,19.051153247658576,3.569191882469104,4.619724818308129,51.41313506551004,21.0,5.0,3.8181818181818175,1.12
7485.0,54.0,2.0,0.0,-1652.5,393840.9375,470917.7873681176,149946.0385583633,1.0428223415059947,1.7485574616042612,2.5085708108102334,19.0,5.0,4.3,2.498
339.0,17.0,2.0,0.0,,,,,,,,43.0,5.0,4.590909090909091,0.326
600.0,60.0,2.0,0.0,7.978913900000001,52.82164,6.3951766465360445,9.74356144614925,0.0340046994960003,0.288727004184211,-0.5574061659795891,7.0,3.0,2.25,0.3
214.0,9.0,2.0,0.0,9.75235,14.26377,22.368783133169213,0.6879278145483789,1.6525943876045246,2.1811811063238995,9.908544271023604,27.0,5.0,4.071428571428571,0.167
366.0,34.0,2.0,0.0,0.0,75.0,0.0,15.303139354151124,0.0733521062607816,0.0,-0.7079092289207862,7.0,2.0,2.0,0.535
336.0,7.0,2.0,0.0,0.1671428571428571,0.965714285714286,0.0512297745058317,0.143514655319534,3.605501049268437,6.288104422440306,51.976030830189856,25.0,5.0,3.923076923076923,0.159
797.0,4.0,2.0,0.0,,,,,,,,45.0,5.0,4.652173913043479,0.246
990.0,12.0,2.0,0.0,-1.9467,1.8246,1.3997468485408353,0.6989785238216653,0.0911152728506248,0.160005616727564,-0.3914272150168468,27.0,5.0,4.071428571428571,0.352
8844.0,55.0,2.0,0.0,-951.8666666666668,307671.73333333334,424900.5977828173,101566.28511995092,1.11179776694014,1.7666449371809296,3.614807690441019,19.0,5.0,4.3,2.517
10992.0,16.0,2.0,0.0,0.0,100.0,0.0,29.772883847075978,-0.0391960821203113,0.654841646035446,-0.5010429355334174,53.0,5.0,4.851851851851852,0.424
2000.0,64.0,2.0,0.0,-6.75651453125,6.8937249375,3.873021021641839,2.1521246000147536,-0.0042856603647459,0.1634135422677238,-0.0456548608136421,43.0,5.0,4.590909090909091,0.876
5473.0,10.0,2.0,0.0,2.5121,23320.6,43069.67117171896,840.1568540864666,14.711451967520436,18.890428594735848,652.8296690123777,45.0,5.0,4.695652173913044,0.488
683.0,35.0,2.0,0.0,,,,,,,,27.0,5.0,4.142857142857143,0.533
400.0,5.0,2.0,0.0,,,,,,,,43.0,5.0,4.727272727272728,0.234
4562.0,14.0,2.0,0.0,3388.0,214751.5,435245.7974174861,19479.03147651968,2.831868883410159,3.848473363077134,24.636272437238635,41.0,5.0,4.619047619047619,1.137
10936.0,27.0,3.0,0.0,3.381725,3054.542416666667,7357.460967543193,303.3244768968724,3.0681436429144973,2.585871889046901,23.60500176079285,55.0,5.0,4.892857142857143,1.289
15545.0,5.0,2.0,0.0,0.6,786937.0,957097.97522051,220048.46593649616,1.4714719487732455,2.2693761755523307,9.975480657517414,31.0,5.0,4.6875,0.361
203.0,16.0,11.0,0.0,34.166666666666664,441.6666666666667,374.70729317102376,100.10380338581336,2.9731223865237406,4.0502964353320525,29.1444250837496,29.0,5.0,4.133333333333334,0.021
369.0,8.0,2.0,0.0,0.375,876.875,1697.7332267983095,105.2090494282987,4.402478302093195,3.303579791030637,38.73039861460066,45.0,5.0,4.695652173913044,0.171
1458.0,37.0,2.0,0.0,0.2167567567567567,41034.6472972973,227161.48903756007,1837.1987019793607,6.450282232943047,5.107399869459503,105.0871480075212,41.0,5.0,4.571428571428571,0.384
1563.0,37.0,2.0,0.0,0.2989189189189188,367116.3932432432,2067270.5199542025,10331.196612286936,10.324325597699096,8.283225800024875,238.9540458598084,39.0,5.0,4.6,0.422
10885.0,21.0,2.0,0.0,0.238095238095238,1567411.5785714283,6609331.4627995705,21962.744090493678,15.83647074795047,10.965115630787183,586.6194695049816,59.0,5.0,4.933333333333334,0.667
9466.0,38.0,2.0,0.0,0.2105263157894736,867015.8078947369,4987793.43445444,12708.50728350857,17.77006722324651,16.874554048623573,826.526277468905,35.0,5.0,4.444444444444445,0.678
522.0,21.0,2.0,0.0,0.3809523809523809,111741.90809523808,456386.90041427856,5870.098796434135,8.953093281768096,4.252086526444207,130.10843043463294,37.0,5.0,4.473684210526316,0.233
458.0,39.0,2.0,0.0,0.2943589743589743,16179.20153846154,92076.94498883984,1243.6324243197605,3.1011384495948664,2.199924555777053,18.93270374429224,31.0,5.0,4.1875,0.28
2109.0,21.0,2.0,0.0,0.238095238095238,16869.353333333333,68976.0661927144,915.2379533149228,4.203178136828375,1.96898818584413,31.85339193107336,55.0,5.0,4.892857142857143,0.376
1109.0,21.0,2.0,0.0,0.3333333333333333,216793.89238095237,909879.1722750608,8674.69589745748,8.008505554819523,3.985950938721928,116.04528058633072,33.0,5.0,4.470588235294118,0.277
5589.0,36.0,2.0,0.0,0.2249999999999999,44935.57666666668,247415.98961372013,840.4773118437676,17.15083169850104,13.036651225229438,682.0482494633543,27.0,5.0,4.214285714285714,0.667
403.0,37.0,2.0,0.0,1.865675675675676,5807.04918918919,31507.959189656107,556.0744186128144,2.5192985234703715,1.5307855272782664,11.651332911754649,23.0,5.0,3.8333333333333335,0.247
274.0,8.0,2.0,0.0,0.375,985.125,1984.331023134749,112.33201467258318,4.430037309543377,3.40059035752746,38.33340036456239,41.0,5.0,4.571428571428571,0.167
478.0,10.0,3.0,0.0,2.5,5.833333333333333,3.2871804872193366,0.9731295150270932,-0.0685781283496334,0.4662931290910875,-0.8969558981848201,47.0,5.0,4.75,0.326
32561.0,14.0,2.0,0.0,2050.6666666666665,264877.5,546718.5732290273,18894.17495527659,3.0783611570443004,4.275943469876747,30.79484232616883,55.0,5.0,4.892857142857143,1.173
19020.0,10.0,2.0,0.0,-98.807,217.64242,194.2882413284077,29.33381486407369,0.646344955486718,1.2595764194409111,4.273159612328454,61.0,5.0,4.967741935483871,0.661
294.0,10.0,2.0,0.0,2.1785714285714284,8.821428571428571,8.179585090021252,1.0947647649511798,1.042281494377688,0.5084880206175687,1.163643914894654,3.0,1.0,1.0,0.256
320.0,8.0,2.0,0.0,0.4285714285714285,6.428571428571429,6.966391622992347,0.8675889783037085,3.4024864270648782,3.8041384442402646,29.2154293154147,35.0,5.0,4.388888888888889,0.242
506.0,13.0,2.0,0.0,17.590993333333333,127.53030833333334,203.9803395727452,28.94657621860437,0.6815088940587956,1.8281105230380197,3.891738672549591,35.0,5.0,4.388888888888889,0.271
340.0,12.0,306.0,0.0,316.6666666666667,2002.3333333333333,2117.151361827701,269.8914208795538,0.64105912824414,0.5763678571326059,0.7999996750930642,25.0,5.0,4.076923076923077,0.033
39948.0,9.0,2.0,0.0,111177.77777777778,6072272.444444444,9200076.78319938,1513441.6278333734,19.564762903614472,49.377703402976906,3025.718978447996,61.0,5.0,4.967741935483871,0.61
253.0,37.0,2.0,0.0,5.690810810810811,5201.062702702703,28573.418051729303,575.0287635190866,2.1270787468785657,1.5669121927123335,8.056947626922895,21.0,5.0,3.909090909090909,0.244
661.0,37.0,2.0,0.0,3.946216216216216,78916.83675675676,442647.12604025664,3958.852662806984,5.662196296753444,3.4395319256366075,62.66822098204439,23.0,5.0,4.083333333333333,0.286
1043.0,37.0,2.0,0.0,2.754054054054054,367112.3005405405,2067271.246365989,11892.248697459529,9.458710345253484,7.522462701354817,189.28477470067008,37.0,5.0,4.578947368421052,0.376
296.0,37.0,2.0,0.0,7.032432432432432,60863.55351351352,342001.5871608053,4054.759917744816,3.813362200623088,2.372378331513497,29.661813640548257,33.0,5.0,4.411764705882353,0.243
48842.0,14.0,2.0,0.0,2050.6666666666665,265826.6666666667,548836.3527542208,18914.426694927384,3.0638608083339345,4.254039303132121,30.359637681235284,55.0,5.0,4.892857142857143,1.267
12958.0,8.0,4.0,0.0,,,,,,,,31.0,5.0,4.6875,0.769
294.0,13.0,5.0,0.0,-4.0,84.0,164.67310274975318,12.58816537157211,-0.624980172311412,4.31804863866868,27.332137548811925,37.0,5.0,4.421052631578948,0.184
2126.0,35.0,3.0,0.0,25.60571428571429,273.5057142857143,790.652286566643,60.48459589612597,2.392190348466071,3.4078523277992256,17.740298317226657,17.0,5.0,3.7777777777777777,0.478
4521.0,16.0,2.0,0.0,-469.8571428571428,10753.857142857143,24692.781365229403,484.695407192585,3.3570318763599354,2.305759505260902,28.192983686317483,57.0,5.0,4.896551724137931,1.054
4177.0,8.0,3.0,0.0,0.0192857142857142,1.2390714285714286,0.6971122285426311,0.1745974852874456,0.6203687756176234,1.159489687779909,11.033153238708149,61.0,5.0,4.967741935483871,0.542
1000.0,40.0,8.0,0.0,2277.281297297297,6789.226918918919,22443.77706690757,1354.1668023216123,-0.04584203760937,0.5207224296754187,-0.7948761752735715,55.0,5.0,4.892857142857143,0.528
500.0,12.0,5.0,0.0,759.01125,1375.13875,2553.979349385178,212.54652967466217,0.0967373588026281,0.1695759605677544,-1.3496496311677124,55.0,5.0,4.857142857142857,0.348
750.0,40.0,8.0,0.0,2279.3115945945947,6788.19345945946,22442.32653227888,1344.9586013876892,-0.0275414083610394,0.5382103139443827,-0.7670874003310417,57.0,5.0,4.896551724137931,0.491
700.0,12.0,3.0,0.0,758.76125,1375.13875,2554.1623415683543,201.021870051852,0.0063495886128951,0.3553790778761492,-1.3127290619198615,47.0,5.0,4.708333333333333,0.359
1100.0,12.0,5.0,0.0,758.38625,1375.51375,2554.492395251636,210.14513395943123,0.0628394090672157,0.1834625067645966,-1.380730650924695,53.0,5.0,4.851851851851852,0.404
400.0,40.0,8.0,0.0,2278.8440540540537,6792.863648648648,22456.751976063715,1376.6248269856285,-0.0472230981545234,0.5277611176795467,-0.7639572021539305,51.0,5.0,4.807692307692308,0.4
1000.0,20.0,2.0,0.0,0.0,1.0,0.0,0.4855645582194937,0.1498267243776422,0.5092208650676675,-1.7216934610698431,63.0,5.0,5.0,0.242
32769.0,9.0,2.0,0.0,,,,,,,,43.0,5.0,4.636363636363637,185.897
310.0,6.0,3.0,0.0,17.664050000000003,168.00866333333337,117.09375494974664,18.32011646065128,1.1216900361013775,1.4630427806188169,7.178752483040982,33.0,5.0,4.470588235294118,0.176
310.0,6.0,2.0,0.0,17.664050000000003,168.00866333333337,117.09375494974664,18.32011646065128,1.1216900361013775,1.4630427806188169,7.178752483040982,27.0,5.0,4.142857142857143,0.165
5456.0,4.0,4.0,0.0,0.5095,5.0,0.0,0.5883402973066519,2.5363941158687298,1.5224740989734098,12.355497971418709,7.0,3.0,2.25,0.33
7400.0,20.0,2.0,0.0,-3.98358,4.167355000000001,0.4265262154604333,1.0925051655136753,0.0115705913254739,0.025248997881265,-0.0638807854422365,63.0,5.0,5.0,0.843
403.0,5.0,5.0,0.0,0.0,0.964,0.0355527776692623,0.2394128368649856,0.3924738086302202,0.2543853779899224,-0.767442084269896,35.0,5.0,4.333333333333333,0.166
569.0,30.0,2.0,0.0,15.6040804,264.18550833333336,869.040034145334,34.87403313037627,1.74040662852075,1.2572364612684248,7.81473482511026,27.0,5.0,4.071428571428571,0.265
200.0,13.0,5.0,0.0,3.4615384615384617,24.307692307692307,32.6152031925288,6.331017978379014,0.5057745905329554,3.2142179212810214,9.404892300565514,39.0,5.0,4.55,0.172
5404.0,5.0,2.0,0.0,-2.7242244,3.551564,0.6728006673596572,0.9999074762792924,0.7794652586095059,0.4928946632519743,0.3397489886095838,51.0,5.0,4.807692307692308,0.336
1055.0,41.0,2.0,0.0,0.3683878048780488,16.562963414634147,26.03027879417199,1.5936401984873731,3.798639220053295,4.734293503155554,44.71323748559392,45.0,5.0,4.652173913043479,0.352
250.0,6.0,2.0,0.0,,,,,,,,7.0,3.0,2.25,0.226
7400.0,20.0,2.0,0.0,-7301.8,6867.1,497.1870774668224,1503.1809855318872,-0.2338108949714019,0.0428390777421081,1.5057733485938614,57.0,5.0,4.896551724137931,1.08
5456.0,24.0,4.0,0.0,0.6217916666666666,5.008958333333333,0.0186424228724582,1.251125298736954,1.5222576378064734,1.0631995040465436,2.368822458469772,23.0,5.0,4.083333333333333,0.811
462.0,9.0,2.0,0.0,18.9275,80.34875,64.13371625703208,10.995852684177413,0.8560005840491614,1.0036847556637516,2.2573904558160667,47.0,5.0,4.666666666666667,0.26
210.0,7.0,3.0,0.0,5.231599999999999,9.294614285714283,6.73473238251392,1.0054693166561124,0.2674189657170458,0.3524217164131505,-0.731717251608198,17.0,5.0,3.6666666666666665,0.158
210.0,7.0,3.0,0.0,5.231599999999999,9.294614285714283,6.73473238251392,1.0054693166561124,0.2674189657170458,0.3524217164131505,-0.731717251608198,17.0,5.0,3.6666666666666665,0.164
1941.0,33.0,2.0,0.0,454.4789,1144061.241372727,3603664.799792337,123260.18156551996,3.6458966474516057,7.705593859957723,91.64638873109904,11.0,5.0,3.333333333333333,0.396
470.0,16.0,2.0,0.0,7.8,59.86666666666667,37.87843127104864,7.107811066536037,1.9958398518231464,2.589714514842841,10.369463412635342,23.0,5.0,4.083333333333333,0.414
583.0,10.0,2.0,0.0,10.155555555555557,1026.8444444444442,1608.0249694793722,82.3608501972468,3.2908126195510503,3.4367847473413016,30.04207633619092,49.0,5.0,4.76,0.271
28056.0,6.0,18.0,0.0,1.0,6.666666666666667,1.8856180831641267,1.8191422328262876,0.2496874742916007,0.357855999817583,-0.9619951078379256,63.0,5.0,5.0,0.803
340.0,15.0,30.0,0.0,0.227009,3.368537400000001,5.844011853141821,0.5780351437371202,0.6645642825587836,1.6213560326410872,2.896017258280978,27.0,5.0,4.357142857142857,0.293
2534.0,72.0,2.0,0.0,268.71527777777777,316.4888888888889,1437.631785019643,7.568667001361177,0.0859560148142107,1.1199390479939106,1.4930547521289843,51.0,5.0,4.807692307692308,0.985
2126.0,35.0,10.0,0.0,25.60571428571429,273.5057142857143,790.652286566643,60.48459589612597,2.392190348466071,3.4078523277992256,17.740298317226657,11.0,5.0,3.333333333333333,0.684
540.0,20.0,2.0,0.0,0.1512037,36.99876675,121.78829498365174,10.678448787133442,2.9030687163881764e-05,0.0006451861927657,-1.2151730419773623,29.0,5.0,4.266666666666667,0.248
14980.0,14.0,2.0,0.0,2073.186192857143,218879.11357142852,253202.1363999061,1767.2294931673605,71.73726620900263,51.96704439217579,8904.72190163805,49.0,5.0,4.88,0.687
6118.0,51.0,6.0,0.0,-1.176286705882353,14.915953921568626,15.30427384004823,0.9915628054676054,7.440976027873586,11.228097739595086,228.1908672595789,55.0,5.0,4.857142857142857,3.029
440.0,8.0,2.0,0.0,13.285714285714286,61153.0,33975.864731978705,5989.507383581621,4.230043166220248,3.4787170037868647,43.05915002388706,29.0,5.0,4.2,0.259
1372.0,4.0,2.0,0.0,-8.662374999999999,10.038325,5.887310153786276,3.77933507715898,-0.1192914188861706,0.7665955220364644,0.1447946914411857,35.0,5.0,4.444444444444445,0.181
327.0,37.0,2.0,0.0,7.032432432432432,60873.54432432433,341999.8169395315,4648.544845078416,3.574363203709373,1.924400341968743,22.62786093900013,33.0,5.0,4.470588235294118,0.261
705.0,37.0,2.0,0.0,3.944864864864864,123113.91486486486,693827.3133303467,6132.358562614454,5.345353529131199,3.2559757125466606,56.50255554647288,29.0,5.0,4.266666666666667,0.32
745.0,36.0,2.0,0.0,2.1041666666666665,26635.329444444447,144931.14320836985,1537.0775864851228,8.346342916614166,5.471432756823299,133.86242582982536,25.0,5.0,4.076923076923077,0.292
1077.0,37.0,2.0,0.0,2.753783783783784,367116.3527027027,2067270.5271535723,12418.753403996565,9.135780975253398,6.916372693948295,176.73796585558338,39.0,5.0,4.5,0.355
748.0,4.0,2.0,0.0,63.25,3180.5,5380.64259638196,374.2841084241555,2.263111192925168,1.0290264380909504,10.224505250350324,53.0,5.0,4.814814814814815,0.176
14240.0,30.0,2.0,0.0,-12.924042933333334,6108.703041033333,31006.24714717477,1592.7834206202322,-0.2726868003005685,3.2478682212803798,60.05877452737258,17.0,5.0,3.7777777777777777,0.842
383.0,5.0,3.0,0.0,67.248919,75.06096360000001,115.15931015779825,1.5855499782706564,0.0146052889761457,0.6406627154957426,0.7578389526899966,31.0,5.0,4.25,0.014
11055.0,30.0,2.0,0.0,,,,,,,,39.0,5.0,4.65,1.458
540.0,35.0,2.0,0.0,1297.7547916666667,5086.572777777778,20173.974253473705,506.4900712516219,1.1927454607436991,2.74854794970515,10.368503105342056,43.0,5.0,4.727272727272728,0.584
10218.0,7.0,10.0,0.0,1.8414285714285716,51.131428571428565,20.248518413928057,9.504057187370464,0.6738720824506815,0.3686854699209272,-0.0392217362607456,47.0,5.0,4.708333333333333,0.619
45211.0,16.0,2.0,0.0,-1142.857142857143,15482.857142857143,35409.698059908354,489.5324556951924,8.806191925405031,13.728908551697351,673.0300915847329,63.0,5.0,5.0,1.113
9873.0,32.0,5.0,0.0,-0.0405160496875,0.062485166875,0.0366486456357633,0.005339854968632,0.953503583747384,2.269718101107365,47.8223087118052,61.0,5.0,4.967741935483871,1.679
277.0,9.0,2.0,0.0,,,,,,,,37.0,5.0,4.526315789473684,0.259
500.0,12.0,2.0,0.0,0.0,5.0,0.0,2.003357691476986,-1.1647649580553912,0.0,-0.5820891187268202,37.0,5.0,4.421052631578948,0.403
500.0,7.0,10.0,0.0,0.0,1.0,0.0,0.4568366722217822,-0.7264117116188799,0.5995442781313466,-1.1173581845411025,51.0,5.0,4.769230769230769,0.182
5500.0,40.0,11.0,0.0,-1.1671,0.4099,0.211163301735884,0.2331801006636073,0.2853136375729959,0.9326420587047108,1.198135059339751,31.0,5.0,4.375,1.847
9901.0,19.0,6.0,0.0,116180.07173683368,305664.69034342107,1296803.7397947868,64566.73281073065,-0.2399232427636934,0.6251779478322524,-0.4653488742342261,59.0,5.0,4.933333333333334,0.809
470.0,16.0,2.0,0.0,7.8,59.86666666666667,37.87843127104864,7.107811066536037,1.9958398518231464,2.589714514842841,10.369463412635342,23.0,5.0,4.083333333333333,0.386
2800.0,26.0,5.0,0.0,0.8941666666666667,295.11999999999995,205.74092446569787,17.833323739199102,4.054667134348185,5.199972910628114,67.68217904400366,53.0,5.0,4.814814814814815,1.515
4898.0,11.0,7.0,0.0,2.492373636363636,75.65863454545456,141.07004217806494,6.10515195910194,1.30042016396477,1.2369805533334124,7.066218779083346,61.0,5.0,4.967741935483871,0.845
2800.0,26.0,5.0,0.0,0.8941666666666667,295.11999999999995,205.74092446569787,17.833323739199102,4.054667134348185,5.199972910628114,67.68217904400366,53.0,5.0,4.814814814814815,1.462
2800.0,26.0,5.0,0.0,0.8941666666666667,295.11999999999995,205.74092446569787,17.833323739199102,4.054667134348185,5.199972910628114,67.68217904400366,53.0,5.0,4.814814814814815,1.532
2800.0,26.0,5.0,0.0,0.8941666666666667,295.11999999999995,205.74092446569787,17.833323739199102,4.054667134348185,5.199972910628114,67.68217904400366,53.0,5.0,4.814814814814815,1.526
2800.0,26.0,5.0,0.0,0.8941666666666667,295.11999999999995,205.74092446569787,17.833323739199102,4.054667134348185,5.199972910628114,67.68217904400366,53.0,5.0,4.814814814814815,1.532
3772.0,21.0,3.0,0.0,0.001595238095238,0.8499952380952378,0.277458946729388,0.1381020498630711,8.323514986420546,12.56814302507078,229.97359527103316,15.0,5.0,3.625,0.6
1600.0,20.0,2.0,0.0,,,,,,,,61.0,5.0,4.967741935483871,0.572
1600.0,20.0,2.0,0.0,,,,,,,,35.0,5.0,4.388888888888889,0.6
1600.0,20.0,2.0,0.0,,,,,,,,57.0,5.0,4.896551724137931,0.571
1600.0,20.0,2.0,0.0,,,,,,,,53.0,5.0,4.851851851851852,0.595
1600.0,20.0,2.0,0.0,,,,,,,,49.0,5.0,4.88,0.56
399.0,32.0,5.0,0.0,0.0,33.166666666666664,24.013306496375897,9.056328460173626,-1.9375149954010595,1.0220333271840858,4.312177418682957,23.0,5.0,4.0,0.576
1728.0,21.0,4.0,0.0,,,,,,,,17.0,5.0,4.111111111111111,0.721
327.0,6.0,5.0,0.0,0.1116666666666666,0.96,0.0532290647422377,0.1565521183476487,1.9632549684044336,3.758345503081674,17.380383844237507,35.0,5.0,4.388888888888889,0.173
3200.0,24.0,10.0,0.0,,,,,,,,63.0,5.0,5.0,1.13
3200.0,7.0,10.0,0.0,,,,,,,,63.0,5.0,5.0,0.506
1324.0,10.0,2.0,0.0,,,,,,,,51.0,5.0,4.807692307692308,0.388
215.0,5.0,3.0,0.0,13.02,58.4,46.41969409636388,6.674592338273158,2.6600622723590965,2.1642610534129045,14.47301564209825,15.0,5.0,3.375,0.167
315.0,12.0,5.0,0.0,,,,,,,,15.0,5.0,3.875,0.341
1066.0,11.0,6.0,0.0,,,,,,,,19.0,5.0,4.3,0.472
512.0,9.0,2.0,0.0,,,,,,,,39.0,5.0,4.5,0.283
1599.0,11.0,6.0,0.0,2.2810972727272727,37.95497181818182,81.79722626532435,4.391251715755471,1.6831140163056897,1.752486238784415,8.30879626822749,61.0,5.0,4.967741935483871,0.337
973.0,9.0,2.0,0.0,,,,,,,,43.0,5.0,4.636363636363637,0.313
392.0,7.0,3.0,0.0,619.1666666666666,1313.2666666666669,1837.869896253692,167.58358862139434,0.5147322898152346,0.3306698812484891,-0.345229419201057,35.0,5.0,4.5,0.28
5000.0,20.0,2.0,0.0,0.0625,444.8775,1183.0013397736498,109.22976196049324,0.1395287334036856,0.466122049111507,0.184769793956574,43.0,5.0,4.636363636363637,0.93
1066.0,9.0,2.0,0.0,,,,,,,,43.0,5.0,4.545454545454546,0.32
959.0,42.0,2.0,0.0,1102.03362875,1126867.885097619,4857163.34769319,154177.20311696164,5.008766941271837,6.141629228701682,64.1649534823642,33.0,5.0,4.294117647058823,0.359
1124.0,10.0,2.0,0.0,,,,,,,,63.0,5.0,5.0,0.316
3772.0,27.0,3.0,0.0,0.0,178.33333333333334,80.74170063989376,58.9160585280032,0.4968358484179213,0.551886965970846,-0.7442829973266466,39.0,5.0,4.55,1.325
3772.0,27.0,4.0,0.0,0.0,178.33333333333334,80.74170063989376,58.9160585280032,0.4968358484179213,0.551886965970846,-0.7442829973266466,35.0,5.0,4.555555555555555,1.379
303.0,13.0,2.0,0.0,64.0,209.84,192.19953798071415,20.469584153980158,0.4774032342041204,0.7237749416581756,1.2812306444723958,47.0,5.0,4.708333333333333,0.338
303.0,7.0,5.0,0.0,,,,,,,,53.0,5.0,4.814814814814815,0.275
3772.0,27.0,2.0,0.0,0.0,178.33333333333334,80.74170063989376,58.9160585280032,0.4968358484179213,0.551886965970846,-0.7442829973266466,31.0,5.0,4.375,1.094
1080.0,77.0,8.0,0.0,0.2907172818311688,1.405553079168831,1.619305031621762,0.1581403441543039,0.7856041308218357,1.2460270379206175,4.53957626531183,55.0,5.0,4.892857142857143,0.808
1000.0,19.0,30.0,0.0,0.8942105263157896,7.82842105263158,9.326674402039671,1.0597705721614306,1.1983242883054444,0.9705781462438308,3.829471313341344,61.0,5.0,4.967741935483871,0.505
1941.0,27.0,7.0,0.0,555.4742111111111,1398296.8505666668,3939133.160498728,150651.2688819526,3.741247383978777,8.48246750621855,109.58603680278624,33.0,5.0,4.352941176470588,0.757
690.0,14.0,2.0,0.0,1.0,188.5,100.27088311169898,51.78462781441863,0.90975241035704,0.5941917050716465,0.1903299758968275,45.0,5.0,4.652173913043479,0.395
540.0,18.0,2.0,0.0,0.0013603894167183,0.9985849035171545,0.0009286702967583,0.2886734857713411,5.469199016381442e-06,0.0006901708377603,-1.2000057830744846,27.0,5.0,4.0,0.218
4839.0,5.0,2.0,0.0,50.8578946,1076.1246028,745.724979590066,61.19914998643935,3.3734293299197677,3.5081855245432423,48.007919021166,57.0,5.0,4.896551724137931,0.316
1728.0,6.0,4.0,0.0,,,,,,,,17.0,5.0,4.111111111111111,0.407
2310.0,16.0,7.0,0.0,-6.190261250993412,206.1190640625,382.5229613984175,21.90395682665916,3.7262322810926394,4.85169929223892,43.45473607415195,19.0,5.0,4.3,0.601
10000.0,16.0,2.0,0.0,0.125,15.0,0.0,2.2703401161977643,0.3019222551392135,0.4538405654363726,0.7286263710246033,57.0,5.0,4.896551724137931,0.419
226.0,22.0,2.0,0.0,6.674070666666667,12.230781904761905,14.45065179886679,0.9451030743311696,0.8538629504598421,1.3320529379571264,3.397923913288486,25.0,5.0,4.384615384615385,0.298
267.0,44.0,2.0,0.0,18.954545454545453,81.13636363636364,3.2234292093620724,9.66237655823782,-1.763706466574911,0.5735517811951172,5.220642436881163,31.0,5.0,4.375,0.332
4704.0,44.0,3.0,0.0,0.8,9.55,2.459166525471588,2.407554995335037,0.2586060234492104,0.2888361543353231,-1.0014252281360627,25.0,5.0,4.076923076923077,1.687
4704.0,44.0,3.0,0.0,0.8,9.55,2.459166525471588,2.407554995335037,0.2586060234492104,0.2888361543353231,-1.0014252281360627,25.0,5.0,4.076923076923077,1.647
2351.0,39.0,2.0,0.0,0.4444444444444444,10.22222222222222,2.096440251568134,2.757169074223609,0.208862464253968,0.388983186481037,-0.9949997288661458,11.0,3.0,2.6666666666666665,0.044
4704.0,42.0,3.0,0.0,0.8,9.9,2.2113344387495983,2.6321181254751145,0.1879265547716288,0.374219587869269,-1.096103586059555,21.0,5.0,3.909090909090909,1.743
44819.0,46.0,3.0,0.0,0.4,9.9,2.2113344387495983,2.604634353645588,0.2008914304529733,0.4203827986747613,-0.8737160917922514,49.0,5.0,4.72,2.249
5880.0,44.0,3.0,0.0,0.4,9.6,2.727636339397171,2.5920863984164524,0.203143379295364,0.3327387390464956,-1.0286468410096528,21.0,5.0,3.909090909090909,1.648
5880.0,44.0,3.0,0.0,0.4,9.9,2.2113344387495983,2.7420863984164523,0.203143379295364,0.3327387390464956,-1.0286468410096528,25.0,5.0,4.230769230769231,1.855
4704.0,44.0,3.0,0.0,1.0,9.65,2.329699551444349,2.357554995335037,0.2586060234492104,0.2888361543353231,-1.001425228136063,23.0,5.0,3.9166666666666665,1.736
3660.0,41.0,2.0,0.0,0.4444444444444444,10.22222222222222,2.096440251568134,2.5446637971684742,0.2538299335731619,0.3220474814394386,-0.7994012535213473,11.0,3.0,2.6666666666666665,0.059
5880.0,46.0,3.0,0.0,0.4,9.55,2.459166525471588,2.509755140354427,0.2694125556703215,0.2889342177822795,-0.8758383837251855,39.0,5.0,4.5,1.779
2352.0,41.0,2.0,0.0,0.4444444444444444,8.61111111111111,1.7042068500197742,2.267373434147079,0.160628139932013,0.3048396603979765,-0.8992011583465579,25.0,5.0,4.153846153846154,0.047
44819.0,6.0,3.0,0.0,0.0,7.0,0.816496580927726,2.5235052552875232,-0.2097468597694192,0.2966341906362588,-1.3344777899265132,63.0,5.0,5.0,0.359
5100.0,36.0,2.0,0.0,42.25,131.22222222222223,17.03282959318907,14.24004634493386,-0.1096173151401046,0.1795859436401728,-0.4632046647796337,23.0,5.0,4.083333333333333,0.783
4147.0,46.0,2.0,0.0,5.956521739130435,123.45652173913044,319.6759028958072,14.687999650068171,5.941139395693546,11.135535652356156,158.05923914166527,39.0,5.0,4.6,0.796
5124.0,20.0,2.0,0.0,113.4,2186.9,2872.875822238059,422.3948259074965,0.1082468876415195,0.9812238104436212,0.9315382097063806,53.0,5.0,4.814814814814815,0.661
15547.0,60.0,2.0,0.0,0.0,0.4889909333333333,0.1988977900347199,0.0413624987823506,1.8850882341529585,1.3686924167433123,12.401602533284604,63.0,5.0,5.0,1.536
20000.0,20.0,5.0,0.0,0.6047154,22.20895,17.20993199427296,2.391414704729037,2.101372676385758,3.137618328810128,18.430346983216783,51.0,5.0,4.807692307692308,1.144
31406.0,21.0,2.0,0.0,250.875,1171.375,1282.7662430758771,115.77421437748134,1.6991506836499957,1.2281181751953298,6.252848815149088,43.0,5.0,4.7727272727272725,54.653
527.0,24.0,4.0,0.0416666666666666,1.3676732608695652,164.40868673913042,727.6502573867244,27.34105976165319,0.5940176329080752,0.9417137518149272,0.5803642623451483,29.0,5.0,4.6,0.63
43825.0,11.0,2.0,0.0909090909090909,0.530257,10904.568464,21829.769312358298,658.3082825800535,1.0263883393949464,0.4059875577928814,1.0775431335939305,43.0,5.0,4.7727272727272725,111.403
43825.0,11.0,2.0,0.0909090909090909,0.970841,22082.808244000003,45304.96982482586,939.533794581744,0.195168645991641,1.265695816026115,4.137095513777828,45.0,5.0,4.782608695652174,120.155
1832.0,11.0,2.0,0.0909090909090909,1.117723,61336.29334,122672.72081641288,8887.732219133197,-0.0697582143932806,0.0260502338083227,-0.0476158667104446,33.0,5.0,4.411764705882353,1.69
43825.0,11.0,2.0,0.0909090909090909,219.9404,4193.70194,7860.127064984455,206.1993780320059,0.3442662418544054,2.027336863080147,7.139760860930522,63.0,5.0,5.0,92.915
1834.0,11.0,2.0,0.0909090909090909,0.973378,113045.65819100002,226121.2655588801,12970.78953706304,0.0567309812753759,0.9682890432435842,1.1057474739528472,47.0,5.0,4.708333333333333,1.536
43825.0,11.0,2.0,0.0909090909090909,59.0743,55302.68911,117537.4140794328,883.340479024779,2.2141524753723383,4.359679333837061,109.72502078679528,51.0,5.0,4.807692307692308,94.166
1832.0,11.0,2.0,0.0909090909090909,75.55330000000001,165009.24391000002,330048.80613828474,18468.262558378723,-0.203987437581822,1.3121313422849987,1.983881116773732,43.0,5.0,4.681818181818182,1.655
1837.0,11.0,2.0,0.0909090909090909,0.8307270000000001,292481.195121,584968.9754331931,34458.24900833182,0.9805307411416828,1.6207205921453305,2.8684333369987334,29.0,5.0,4.266666666666667,1.846
1834.0,11.0,2.0,0.0909090909090909,0.7303379999999999,271003.153979,542513.5760079187,23255.947222914398,1.208615756329041,1.8916403559370123,6.853356510361282,33.0,5.0,4.352941176470588,1.679
1835.0,11.0,2.0,0.0909090909090909,60.9323,178062.94101,355921.97555319924,20605.712475813343,0.0428911511231508,1.662314152928856,2.773776435544681,33.0,5.0,4.470588235294118,1.725
43825.0,11.0,2.0,0.0909090909090909,0.5452089999999999,13324.484655000002,29086.73992159558,621.1145401382792,0.9289553081074982,0.5727684999096023,1.8578985433504385,49.0,5.0,4.8,111.761
1832.0,11.0,2.0,0.0909090909090909,62.9061,103448.30363,206655.19424379148,10920.74097883228,-0.3754913607686166,0.9622602428419532,1.5254697314243848,43.0,5.0,4.636363636363637,1.559
1834.0,11.0,2.0,0.0909090909090909,0.973378,113045.65819100002,226121.2655588801,12970.78953706304,0.0567309812753759,0.9682890432435842,1.1057474739528472,37.0,5.0,4.631578947368421,1.696
1834.0,11.0,2.0,0.0909090909090909,0.549053,146177.56556100002,292391.4471091355,16461.88472363336,1.1882483978199878,1.234076186967057,2.4264747263491264,41.0,5.0,4.666666666666667,1.78
43825.0,11.0,2.0,0.0909090909090909,0.7714700000000001,26585.258319000004,57347.55766679436,1038.2983762913475,0.7112894777420113,1.9328064668321676,7.13935274628828,41.0,5.0,4.666666666666667,141.172
1832.0,11.0,2.0,0.0909090909090909,4.282707,90432.192532,181275.38523030296,11845.605403548218,0.241573233926203,0.503330128214821,-0.5588649460807069,23.0,5.0,3.9166666666666665,1.909
1835.0,11.0,2.0,0.0909090909090909,0.6560189999999999,82150.571265,164304.97378800673,10869.213872145525,0.0989570324234683,0.8741909580377575,0.6157451899778223,29.0,5.0,4.333333333333333,1.721
1837.0,11.0,2.0,0.0909090909090909,6.558315,92593.401541,185225.90726795,4806.026126702105,0.9590948576774888,1.266536376582916,9.110702203070948,25.0,5.0,4.153846153846154,1.738
1832.0,11.0,2.0,0.0909090909090909,6.449845999999999,70989.538151,141999.56040106574,7724.884162568274,0.6350003451432775,1.0349848632879215,1.647216688057102,27.0,5.0,4.0,1.831
43825.0,11.0,2.0,0.0909090909090909,3.1773490000000004,7091.115620999999,14173.891317345197,349.545485673524,0.8970733989118133,1.0169057486016808,4.201469456175536,49.0,5.0,4.8,139.824
43825.0,11.0,2.0,0.0909090909090909,219.9404,4193.70194,7860.127064984455,206.1993780320059,0.3442662418544054,2.027336863080147,7.139760860930522,63.0,5.0,5.0,99.39
1834.0,11.0,2.0,0.0909090909090909,0.549053,146177.56556100002,292391.4471091355,16461.88472363336,1.1882483978199878,1.234076186967057,2.4264747263491264,39.0,5.0,4.55,1.725
43825.0,11.0,2.0,0.0909090909090909,6.432193000000001,6221.540537999999,12422.202153671866,484.1355736732236,0.5821308074287405,0.923418991932568,1.2724949217970003,61.0,5.0,4.967741935483871,92.434
1833.0,11.0,2.0,0.0909090909090909,0.532742,76112.90423,154591.72192909676,8596.992455142923,0.8630518139610557,0.1212756995502323,0.0871343213698364,25.0,5.0,4.076923076923077,1.908
43825.0,11.0,2.0,0.0909090909090909,0.555131,56231.57059,147958.99576983828,921.386666487233,2.2698007802807547,7.594962451647765,224.46880443879724,49.0,5.0,4.76,118.234
1832.0,11.0,2.0,0.0909090909090909,30.725612,54430.20883599999,108693.26306015169,7052.830366906759,0.1460412936615761,0.5332626386568668,-0.3811110307717706,31.0,5.0,4.5,1.712
1831.0,11.0,2.0,0.0909090909090909,0.5499259999999999,51246.69949300001,102494.52584479116,7500.132470923359,0.6800027818585569,0.0793114729079262,-0.584848935094241,43.0,5.0,4.636363636363637,1.68
1834.0,11.0,2.0,0.0909090909090909,220.3533,47277.36589,95120.70716652332,2868.7727010246813,0.3690994127984289,2.0907031662160938,9.73540560307821,31.0,5.0,4.375,1.709
1833.0,11.0,2.0,0.0909090909090909,0.7745029999999999,162155.93927499998,324328.52287802164,17422.58373776143,0.527880112882275,1.5551367636134596,2.171125613422103,31.0,5.0,4.375,1.834
1832.0,11.0,2.0,0.0909090909090909,75.55330000000001,165009.24391000002,330048.80613828474,18468.262558378723,-0.203987437581822,1.3121313422849987,1.983881116773732,61.0,5.0,4.967741935483871,1.536
1832.0,11.0,2.0,0.0909090909090909,0.768193,32971.351107999995,65951.58049737115,5040.151968444601,0.6603989369867126,0.1379679988923485,-0.5639852703556872,35.0,5.0,4.444444444444445,1.85
43825.0,11.0,2.0,0.0909090909090909,1.149724,6062.084152,12121.300997774611,563.5125892026632,0.5469890368536546,0.4210209487490735,0.1893801781545991,57.0,5.0,4.896551724137931,114.399
43825.0,11.0,2.0,0.0909090909090909,1.7488990000000002,45728.498843,130491.63489098324,585.8406377244289,7.718014519350413,18.565250616880373,644.5309363671035,63.0,5.0,5.0,92.562
1834.0,11.0,2.0,0.0909090909090909,220.3533,47277.36589,95120.70716652332,2868.7727010246813,0.3690994127984289,2.0907031662160938,9.73540560307821,53.0,5.0,4.814814814814815,1.582
43825.0,11.0,2.0,0.0909090909090909,0.767374,4735.833937,9470.284473718197,340.91319115905424,0.9193857515281324,0.363786250769325,0.57990443555742,47.0,5.0,4.708333333333333,152.296
43825.0,11.0,2.0,0.0909090909090909,0.7290099999999999,28666.095287,57331.14010268252,1256.9958216994269,1.2751022203709983,2.00547941052044,9.314503460432777,47.0,5.0,4.75,126.876
1834.0,11.0,2.0,0.0909090909090909,0.961317,134230.99393199998,268741.52371398185,15725.63490040517,0.2685992766496157,1.0732243176425542,0.8204249352921009,39.0,5.0,4.55,1.697
1832.0,11.0,2.0,0.0909090909090909,1.753324,134439.30063500002,354239.7573943673,6515.05323464173,2.749533979402896,3.807472684884816,41.5371765990342,33.0,5.0,4.411764705882353,1.668
1835.0,11.0,2.0,0.0909090909090909,0.55591,118620.851346,237802.5937271285,13186.251287653204,0.0710238042258074,1.283773336630266,1.8127308975046588,35.0,5.0,4.666666666666667,1.678
43825.0,11.0,2.0,0.0909090909090909,59.64699999999999,26191.56768,56093.17289806769,908.3129899456296,0.8966332753605315,1.575279749366022,8.82880574932587,39.0,5.0,4.6,151.032
43825.0,11.0,2.0,0.0909090909090909,5.805496,8761.808780000001,17513.800291602867,414.2174549489111,0.1578372920108283,1.014740965526004,1.8673940622778995,45.0,5.0,4.739130434782608,122.992
1834.0,11.0,2.0,0.0909090909090909,0.7303379999999999,271003.153979,542513.5760079187,23255.947222914398,1.208615756329041,1.8916403559370123,6.853356510361282,33.0,5.0,4.352941176470588,1.785
43825.0,11.0,2.0,0.0909090909090909,1.7488990000000002,45728.498843,130491.63489098324,585.8406377244289,7.718014519350413,18.565250616880373,644.5309363671035,55.0,5.0,4.857142857142857,124.907
43825.0,11.0,2.0,0.0909090909090909,75.3612,88340.28045,178965.11191696985,1204.4047044037427,1.6819629876330535,5.350851695635432,142.7638357364175,61.0,5.0,4.967741935483871,94.543
43825.0,11.0,2.0,0.0909090909090909,6.542601,12256.13243,24522.472096154142,441.22475320530464,0.8733502521715373,1.098612245498077,7.119093758318201,43.0,5.0,4.7727272727272725,116.415
43825.0,11.0,2.0,0.0909090909090909,0.652183,20346.583838,44567.15557973683,797.5001014155974,0.3343721204086697,1.2956705229335612,4.965868173926635,45.0,5.0,4.782608695652174,121.577
43825.0,11.0,2.0,0.0909090909090909,0.7290099999999999,28666.095287,57331.14010268252,1256.9958216994269,1.2751022203709983,2.00547941052044,9.314503460432777,41.0,5.0,4.571428571428571,151.017
43825.0,11.0,2.0,0.0909090909090909,60.857000000000006,40465.43661,82396.7682871189,1146.8691367487263,0.3190070526323299,2.2338701746599154,12.597816589498304,41.0,5.0,4.619047619047619,149.776
1836.0,11.0,2.0,0.0909090909090909,5.941762,20236.309891,40472.17736447348,1287.906034543411,0.4715328863144813,1.265947164635182,4.008130130379861,33.0,5.0,4.294117647058823,1.977
1834.0,11.0,2.0,0.0909090909090909,0.961317,134230.99393199998,268741.52371398185,15725.63490040517,0.2685992766496157,1.0732243176425542,0.8204249352921009,25.0,5.0,4.461538461538462,1.887
1832.0,11.0,2.0,0.0909090909090909,1.753324,134439.30063500002,354239.7573943673,6515.05323464173,2.749533979402896,3.807472684884816,41.5371765990342,33.0,5.0,4.470588235294118,1.665
43825.0,11.0,2.0,0.0909090909090909,3.1773490000000004,7091.115620999999,14173.891317345197,349.545485673524,0.8970733989118133,1.0169057486016808,4.201469456175536,47.0,5.0,4.833333333333333,119.655
1832.0,11.0,2.0,0.0909090909090909,0.8041220000000001,64780.210158,129560.62681525484,8914.547531017233,1.044540545794225,0.1504067860204897,0.159700633173727,47.0,5.0,4.708333333333333,1.629
1834.0,11.0,2.0,0.0909090909090909,59.8408,143304.45538,288391.87218965404,14404.836634471818,0.6854139589457813,1.141341544853664,2.0675856626753872,29.0,5.0,4.6,1.731
1837.0,11.0,2.0,0.0909090909090909,0.8307270000000001,292481.195121,584968.9754331931,34458.24900833182,0.9805307411416828,1.6207205921453305,2.8684333369987334,21.0,5.0,4.0,1.874
43825.0,11.0,2.0,0.0909090909090909,0.652183,20346.583838,44567.15557973683,797.5001014155974,0.3343721204086697,1.2956705229335612,4.965868173926635,35.0,5.0,4.555555555555555,152.456
1835.0,11.0,2.0,0.0909090909090909,60.9323,178062.94101,355921.97555319924,20605.712475813343,0.0428911511231508,1.662314152928856,2.773776435544681,49.0,5.0,4.76,1.566
43825.0,11.0,2.0,0.0909090909090909,6.432193000000001,6221.540537999999,12422.202153671866,484.1355736732236,0.5821308074287405,0.923418991932568,1.2724949217970003,31.0,5.0,4.4375,158.024
1832.0,11.0,2.0,0.0909090909090909,1.1552870000000002,58977.517011,117965.09188645566,8567.206227838888,0.4020446589180211,0.1314272064530583,-0.3480078510297842,39.0,5.0,4.55,1.806
1833.0,11.0,2.0,0.0909090909090909,0.759858,92261.384701,185718.8548396368,9493.950415298244,0.1540679023571402,0.9171287835055962,0.681778927568912,31.0,5.0,4.5,1.712
43825.0,11.0,2.0,0.0909090909090909,0.959699,71793.239796,170423.85625133844,1157.9797510296537,2.071880890251151,5.997068659581009,169.19630066056615,35.0,5.0,4.555555555555555,153.92
43825.0,11.0,2.0,0.0909090909090909,30.667102,9635.809255,19844.89880357724,562.9245092851403,0.2445740450956604,0.73120293870913,0.0584485476562547,57.0,5.0,4.931034482758621,92.187
43825.0,11.0,2.0,0.0909090909090909,59.0743,55302.68911,117537.4140794328,883.340479024779,2.2141524753723383,4.359679333837061,109.72502078679528,39.0,5.0,4.65,161.545
1831.0,11.0,2.0,0.0909090909090909,0.5499259999999999,51246.69949300001,102494.52584479116,7500.132470923359,0.6800027818585569,0.0793114729079262,-0.584848935094241,31.0,5.0,4.375,1.675
1837.0,11.0,2.0,0.0909090909090909,5.8163,61723.63572400001,123446.38609971218,4660.525955340262,0.1591483995178181,1.0021935551647154,1.864313664973358,29.0,5.0,4.333333333333333,1.802
1832.0,11.0,2.0,0.0909090909090909,30.725612,54430.20883599999,108693.26306015169,7052.830366906759,0.1460412936615761,0.5332626386568668,-0.3811110307717706,31.0,5.0,4.5,1.64
43825.0,11.0,2.0,0.0909090909090909,4.274939000000001,11779.312935,23559.583406290083,970.6270123988296,0.4092582729759672,0.8449758842572278,0.547074937451972,47.0,5.0,4.75,125.184
1834.0,11.0,2.0,0.0909090909090909,0.930937,110889.61348099998,221777.1478964684,13250.679029466217,-0.2590317497214478,0.8524422769711361,0.7603049303120206,21.0,5.0,3.8181818181818175,1.706
43825.0,11.0,2.0,0.0909090909090909,1.011549,3718.821315,7626.669763891179,227.31570538338497,0.2156441767374063,0.7867662538365051,1.4343335875038543,55.0,5.0,4.892857142857143,118.162
1832.0,11.0,2.0,0.0909090909090909,3.1862850000000003,49576.865991000006,99233.18272599208,4026.022785979143,0.764991026355267,0.7482329269925897,2.302803100507461,27.0,5.0,4.214285714285714,1.729
43825.0,11.0,2.0,0.0909090909090909,0.555131,56231.57059,147958.99576983828,921.386666487233,2.2698007802807547,7.594962451647765,224.46880443879724,49.0,5.0,4.88,140.215
43825.0,11.0,2.0,0.0909090909090909,0.801962,9745.87501,19490.025749164648,558.8717806973085,1.1957161285974514,0.133869694421015,1.0285134217237832,45.0,5.0,4.782608695652174,116.124
1832.0,11.0,2.0,0.0909090909090909,1.117723,61336.29334,122672.72081641288,8887.732219133197,-0.0697582143932806,0.0260502338083227,-0.0476158667104446,23.0,5.0,4.0,1.715
43825.0,11.0,2.0,0.0909090909090909,0.9290239999999998,27839.534054,61609.47161813222,888.4231485545603,-0.0256901029761134,1.3849614356655633,8.764782741636367,43.0,5.0,4.636363636363637,153.116
43825.0,11.0,2.0,0.0909090909090909,0.7714700000000001,26585.258319000004,57347.55766679436,1038.2983762913475,0.7112894777420113,1.9328064668321676,7.13935274628828,49.0,5.0,4.76,126.133
1828.0,11.0,2.0,0.0909090909090909,0.4981300000000001,52399.352315,104802.08048578718,7411.300930635209,0.3062583524881243,0.3638654502047422,-0.7314595789039844,19.0,5.0,3.7,2.033
1828.0,11.0,2.0,0.0909090909090909,0.4981300000000001,52399.352315,104802.08048578718,7411.300930635209,0.3062583524881243,0.3638654502047422,-0.7314595789039844,41.0,5.0,4.714285714285714,1.815
43825.0,11.0,2.0,0.0909090909090909,5.942521,3592.6078219999995,7198.029433574489,119.10733123416055,1.6305582083686505,3.5753322022477416,27.213224128670586,45.0,5.0,4.695652173913044,128.94
43825.0,11.0,2.0,0.0909090909090909,0.4963619999999999,10769.79507,22286.44275625742,489.9506698832976,0.524581537041939,0.8049937992185359,1.728814829749411,41.0,5.0,4.714285714285714,155.539
43825.0,11.0,2.0,0.0909090909090909,59.64699999999999,26191.56768,56093.17289806769,908.3129899456296,0.8966332753605315,1.575279749366022,8.82880574932587,47.0,5.0,4.708333333333333,111.925
1833.0,11.0,2.0,0.0909090909090909,0.7745029999999999,162155.93927499998,324328.52287802164,17422.58373776143,0.527880112882275,1.5551367636134596,2.171125613422103,27.0,5.0,4.214285714285714,1.868
43825.0,11.0,2.0,0.0909090909090909,0.9290239999999998,27839.534054,61609.47161813222,888.4231485545603,-0.0256901029761134,1.3849614356655633,8.764782741636367,47.0,5.0,4.833333333333333,113.421
43825.0,11.0,2.0,0.0909090909090909,0.5452089999999999,13324.484655000002,29086.73992159558,621.1145401382792,0.9289553081074982,0.5727684999096023,1.8578985433504385,45.0,5.0,4.695652173913044,130.471
1834.0,11.0,2.0,0.0909090909090909,59.8408,143304.45538,288391.87218965404,14404.836634471818,0.6854139589457813,1.141341544853664,2.0675856626753872,43.0,5.0,4.636363636363637,1.611
1832.0,11.0,2.0,0.0909090909090909,1.013982,25369.868207,50743.61170307874,3313.661502665744,0.0720852640343933,0.4481904731476299,0.5433578451929373,43.0,5.0,4.636363636363637,1.733
43825.0,11.0,2.0,0.0909090909090909,0.7571019999999999,40249.879859,100740.55311914624,678.8867371045866,2.080969332194034,6.130487519829775,172.05089948691187,49.0,5.0,4.72,108.892
43825.0,11.0,2.0,0.0909090909090909,0.546996,19106.168312,38401.81171885271,889.6033703380621,1.261207132133001,1.363263424099214,4.590956798903656,47.0,5.0,4.75,110.732
1835.0,11.0,2.0,0.0909090909090909,0.55591,118620.851346,237802.5937271285,13186.251287653204,0.0710238042258074,1.283773336630266,1.8127308975046588,23.0,5.0,3.9166666666666665,1.877
1837.0,11.0,2.0,0.0909090909090909,6.558315,92593.401541,185225.90726795,4806.026126702105,0.9590948576774888,1.266536376582916,9.110702203070948,17.0,5.0,3.6666666666666665,1.772
1836.0,11.0,2.0,0.0909090909090909,5.941762,20236.309891,40472.17736447348,1287.906034543411,0.4715328863144813,1.265947164635182,4.008130130379861,39.0,5.0,4.45,1.775
1832.0,11.0,2.0,0.0909090909090909,62.9061,103448.30363,206655.19424379148,10920.74097883228,-0.3754913607686166,0.9622602428419532,1.5254697314243848,37.0,5.0,4.368421052631579,1.585
1832.0,11.0,2.0,0.0909090909090909,0.768193,32971.351107999995,65951.58049737115,5040.151968444601,0.6603989369867126,0.1379679988923485,-0.5639852703556872,35.0,5.0,4.5,1.922
43825.0,11.0,2.0,0.0909090909090909,60.857000000000006,40465.43661,82396.7682871189,1146.8691367487263,0.3190070526323299,2.2338701746599154,12.597816589498304,59.0,5.0,4.933333333333334,89.09
43825.0,11.0,2.0,0.0909090909090909,5.942521,3592.6078219999995,7198.029433574489,119.10733123416055,1.6305582083686505,3.5753322022477416,27.213224128670586,49.0,5.0,4.76,116.046
1832.0,11.0,2.0,0.0909090909090909,59.59029999999999,125156.01294,250104.8450374329,12832.860956784014,0.639259714464732,0.6547461873181294,0.9427757180561424,27.0,5.0,4.142857142857143,1.773
1835.0,11.0,2.0,0.0909090909090909,0.6560189999999999,82150.571265,164304.97378800673,10869.213872145525,0.0989570324234683,0.8741909580377575,0.6157451899778223,41.0,5.0,4.523809523809524,1.7
43825.0,11.0,2.0,0.0909090909090909,5.805496,8761.808780000001,17513.800291602867,414.2174549489111,0.1578372920108283,1.014740965526004,1.8673940622778995,35.0,5.0,4.444444444444445,142.431
43825.0,11.0,2.0,0.0909090909090909,0.828457,41021.187679,83890.35173876966,1955.9467206566192,0.9909108198189028,1.6302687905243651,4.830944556769555,31.0,5.0,4.375,138.603
43825.0,11.0,2.0,0.0909090909090909,30.667102,9635.809255,19844.89880357724,562.9245092851403,0.2445740450956604,0.73120293870913,0.0584485476562547,61.0,5.0,4.967741935483871,88.066
1837.0,11.0,2.0,0.0909090909090909,5.8163,61723.63572400001,123446.38609971218,4660.525955340262,0.1591483995178181,1.0021935551647154,1.864313664973358,27.0,5.0,4.214285714285714,1.728
1832.0,11.0,2.0,0.0909090909090909,1.013982,25369.868207,50743.61170307874,3313.661502665744,0.0720852640343933,0.4481904731476299,0.5433578451929373,53.0,5.0,4.851851851851852,1.595
43825.0,11.0,2.0,0.0909090909090909,0.767374,4735.833937,9470.284473718197,340.91319115905424,0.9193857515281324,0.363786250769325,0.57990443555742,57.0,5.0,4.896551724137931,99.108
1834.0,11.0,2.0,0.0909090909090909,0.930937,110889.61348099998,221777.1478964684,13250.679029466217,-0.2590317497214478,0.8524422769711361,0.7603049303120206,47.0,5.0,4.708333333333333,1.64
1832.0,11.0,2.0,0.0909090909090909,0.8041220000000001,64780.210158,129560.62681525484,8914.547531017233,1.044540545794225,0.1504067860204897,0.159700633173727,33.0,5.0,4.411764705882353,1.721
1832.0,11.0,2.0,0.0909090909090909,3.1862850000000003,49576.865991000006,99233.18272599208,4026.022785979143,0.764991026355267,0.7482329269925897,2.302803100507461,47.0,5.0,4.75,1.611
43825.0,11.0,2.0,0.0909090909090909,62.749,22478.74929,45926.12853203497,807.0268183454072,-0.214721249841346,1.3120113361621488,4.919167426482042,35.0,5.0,4.5,154.993
